days,cityflow,income_code,weight_type_code,is_air,inc_day,
2023/1/12,731-574,其他,<3KG,0,20230112,
2023/1/17,731-579,其他,<3KG,0,20230117,
2023/1/18,731-027,其他,<3KG,0,20230118,
2023/2/8,731-020,其他,<3KG,0,20230208,
2023/2/17,731-595,其他,<3KG,0,20230217,
2023/4/5,731-599,其他,<3KG,0,20230405,
2023/4/15,731-579,其他,<3KG,0,20230415,
2023/5/30,027-731,其他,<3KG,0,20230530,
2023/6/6,731-754,其他,<3KG,0,20230606,
,,,,,,
,,,,,,
,,,,,,
days,cityflow,income_code,weight_type_code,is_air,inc_day,
2023/1/12,7311-754,电商,[3KG,10KG),0,20230112
2023/1/12,7311-020,电商,[3KG,10KG),0,20230112
2023/1/12,7311-574,医药,>=20KG,0,20230112,
2023/1/12,7311-574,电商,[3KG,10KG),0,20230112
2023/1/12,7311-595,其他,[3KG,10KG),0,20230112
2023/1/12,7311-027,医药,[15KG,20KG),0,20230112
2023/1/12,7311-754,时效,[10KG,15KG),1,20230112
2023/1/12,7311-574,时效,[3KG,10KG),0,20230112
2023/1/12,7311-595,时效,>=20KG,0,20230112,
2023/1/12,7311-020,大件,>=20KG,0,20230112,
2023/1/12,7311-020,冷运,<3KG,0,20230112,
2023/1/12,7311-595,大件,>=20KG,0,20230112,
2023/1/12,7311-020,电商,[10KG,15KG),0,20230112
2023/1/12,7311-574,时效,>=20KG,1,20230112,
2023/1/12,7311-574,时效,<3KG,0,20230112,
2023/1/12,7311-020,其他,<3KG,0,20230112,
2023/1/12,7311-599,大件,>=20KG,0,20230112,
2023/1/12,027-7311,时效,[10KG,15KG),0,20230112
2023/1/12,7311-579,其他,[3KG,10KG),0,20230112
2023/1/12,7311-595,时效,<3KG,1,20230112,
2023/1/12,7311-027,其他,<3KG,0,20230112,
2023/1/12,027-7311,其他,[3KG,10KG),0,20230112
2023/1/12,7311-599,时效,>=20KG,0,20230112,
2023/1/12,027-7311,大件,>=20KG,0,20230112,
2023/1/12,7311-020,冷运,[3KG,10KG),0,20230112
2023/1/12,7311-027,大件,>=20KG,0,20230112,
2023/1/12,7311-754,时效,>=20KG,1,20230112,
2023/1/12,7311-579,大件,>=20KG,0,20230112,
2023/1/12,7311-754,时效,<3KG,0,20230112,
2023/1/12,7311-020,电商,<3KG,0,20230112,
2023/1/12,7311-579,时效,[10KG,15KG),0,20230112
2023/1/12,7311-599,时效,<3KG,0,20230112,
2023/1/12,7311-579,时效,>=20KG,0,20230112,
2023/1/12,7311-027,冷运,[10KG,15KG),0,20230112
2023/1/12,7311-599,医药,[10KG,15KG),0,20230112
2023/1/12,7311-579,电商,<3KG,0,20230112,
2023/1/12,027-7311,其他,<3KG,0,20230112,
2023/1/12,7311-574,电商,>=20KG,0,20230112,
2023/1/12,7311-599,时效,[3KG,10KG),0,20230112
2023/1/12,7311-595,时效,<3KG,0,20230112,
2023/1/12,7311-579,时效,[15KG,20KG),0,20230112
2023/1/12,7311-595,冷运,[3KG,10KG),0,20230112
2023/1/12,7311-579,其他,>=20KG,0,20230112,
2023/1/12,7311-599,冷运,<3KG,0,20230112,
2023/1/12,7311-579,时效,<3KG,0,20230112,
2023/1/12,7311-754,时效,<3KG,1,20230112,
2023/1/12,7311-599,冷运,[3KG,10KG),0,20230112
2023/1/12,7311-027,电商,[10KG,15KG),0,20230112
2023/1/12,7311-599,时效,[15KG,20KG),0,20230112
2023/1/12,7311-574,时效,[10KG,15KG),1,20230112
2023/1/12,027-7311,电商,[3KG,10KG),0,20230112
2023/1/12,7311-020,时效,[15KG,20KG),0,20230112
2023/1/12,027-7311,电商,<3KG,0,20230112,
2023/1/12,7311-574,其他,[10KG,15KG),0,20230112
2023/1/12,7311-595,时效,[3KG,10KG),1,20230112
2023/1/12,7311-595,冷运,<3KG,0,20230112,
2023/1/12,7311-754,时效,[15KG,20KG),0,20230112
2023/1/12,7311-574,电商,<3KG,0,20230112,
2023/1/12,7311-027,冷运,>=20KG,0,20230112,
2023/1/12,7311-574,其他,[3KG,10KG),0,20230112
2023/1/12,7311-020,其他,[10KG,15KG),0,20230112
2023/1/12,7311-595,时效,[15KG,20KG),0,20230112
2023/1/12,7311-027,时效,[3KG,10KG),0,20230112
2023/1/12,7311-574,时效,<3KG,1,20230112,
2023/1/12,7311-754,时效,[3KG,10KG),1,20230112
2023/1/12,027-7311,电商,[15KG,20KG),0,20230112
2023/1/12,7311-027,电商,<3KG,0,20230112,
2023/1/12,7311-574,其他,<3KG,0,20230112,
2023/1/12,7311-595,时效,[10KG,15KG),1,20230112
2023/1/12,7311-595,时效,[15KG,20KG),1,20230112
2023/1/12,7311-574,时效,[15KG,20KG),0,20230112
2023/1/12,7311-574,时效,[15KG,20KG),1,20230112
2023/1/12,7311-574,时效,>=20KG,0,20230112,
2023/1/12,027-7311,冷运,[10KG,15KG),0,20230112
2023/1/12,027-7311,冷运,>=20KG,0,20230112,
2023/1/12,7311-574,电商,[15KG,20KG),0,20230112
2023/1/12,7311-579,其他,<3KG,0,20230112,
2023/1/12,7311-574,时效,[10KG,15KG),0,20230112
2023/1/12,7311-027,其他,[15KG,20KG),0,20230112
2023/1/12,7311-595,电商,[10KG,15KG),0,20230112
2023/1/12,7311-027,医药,[3KG,10KG),0,20230112
2023/1/12,7311-754,冷运,[3KG,10KG),0,20230112
2023/1/12,7311-027,其他,[3KG,10KG),0,20230112
2023/1/12,027-7311,其他,>=20KG,0,20230112,
2023/1/12,7311-027,电商,>=20KG,0,20230112,
2023/1/12,7311-020,冷运,[10KG,15KG),0,20230112
2023/1/12,7311-027,电商,[3KG,10KG),0,20230112
2023/1/12,7311-020,时效,>=20KG,0,20230112,
2023/1/12,7311-027,冷运,<3KG,0,20230112,
2023/1/12,7311-579,其他,[10KG,15KG),0,20230112
2023/1/12,7311-579,电商,[3KG,10KG),0,20230112
2023/1/12,7311-020,冷运,>=20KG,0,20230112,
2023/1/12,027-7311,时效,<3KG,0,20230112,
2023/1/12,7311-599,电商,[10KG,15KG),0,20230112
2023/1/12,7311-027,其他,>=20KG,0,20230112,
2023/1/12,7311-027,医药,[10KG,15KG),0,20230112
2023/1/12,7311-020,其他,[3KG,10KG),0,20230112
2023/1/12,7311-020,医药,>=20KG,0,20230112,
2023/1/12,7311-574,大件,>=20KG,0,20230112,
2023/1/12,7311-574,电商,[10KG,15KG),0,20230112
2023/1/12,7311-027,医药,>=20KG,0,20230112,
2023/1/12,027-7311,时效,>=20KG,0,20230112,
2023/1/12,7311-027,时效,[10KG,15KG),0,20230112
2023/1/12,027-7311,冷运,[3KG,10KG),0,20230112
2023/1/12,027-7311,冷运,<3KG,0,20230112,
2023/1/12,7311-574,冷运,[3KG,10KG),0,20230112
2023/1/12,7311-754,大件,>=20KG,0,20230112,
2023/1/12,7311-595,其他,<3KG,0,20230112,
2023/1/12,7311-754,其他,<3KG,0,20230112,
2023/1/12,7311-020,电商,>=20KG,0,20230112,
2023/1/12,7311-754,时效,[3KG,10KG),0,20230112
2023/1/12,7311-020,电商,[15KG,20KG),0,20230112
2023/1/12,7311-027,时效,<3KG,0,20230112,
2023/1/12,027-7311,时效,[15KG,20KG),0,20230112
2023/1/12,7311-754,电商,[10KG,15KG),0,20230112
2023/1/12,7311-595,电商,<3KG,0,20230112,
2023/1/12,7311-595,时效,>=20KG,1,20230112,
2023/1/12,027-7311,电商,[10KG,15KG),0,20230112
2023/1/12,7311-599,电商,<3KG,0,20230112,
2023/1/12,7311-027,其他,[10KG,15KG),0,20230112
2023/1/12,7311-027,电商,[15KG,20KG),0,20230112
2023/1/12,7311-754,电商,<3KG,0,20230112,
2023/1/12,027-7311,时效,[3KG,10KG),0,20230112
2023/1/12,7311-579,电商,[10KG,15KG),0,20230112
2023/1/12,7311-595,时效,[3KG,10KG),0,20230112
2023/1/12,7311-027,时效,[15KG,20KG),0,20230112
2023/1/12,7311-574,冷运,>=20KG,0,20230112,
2023/1/12,027-7311,其他,[10KG,15KG),0,20230112
2023/1/12,7311-754,时效,>=20KG,0,20230112,
2023/1/12,7311-020,时效,<3KG,0,20230112,
2023/1/12,7311-595,其他,[10KG,15KG),0,20230112
2023/1/12,7311-595,其他,>=20KG,0,20230112,
2023/1/12,7311-579,冷运,[3KG,10KG),0,20230112
2023/1/12,7311-574,时效,[3KG,10KG),1,20230112
2023/1/12,7311-599,电商,[3KG,10KG),0,20230112
2023/1/12,7311-020,时效,[3KG,10KG),0,20230112
2023/1/12,7311-599,时效,[10KG,15KG),0,20230112
2023/1/12,027-7311,电商,>=20KG,0,20230112,
2023/1/12,7311-027,时效,>=20KG,0,20230112,
2023/1/12,7311-754,时效,[10KG,15KG),0,20230112
2023/1/12,7311-020,时效,[10KG,15KG),0,20230112
2023/1/12,7311-595,时效,[10KG,15KG),0,20230112
2023/1/12,7311-595,电商,[3KG,10KG),0,20230112
2023/1/12,7311-579,电商,>=20KG,0,20230112,
2023/1/12,7311-579,时效,[3KG,10KG),0,20230112
2023/1/12,7311-027,冷运,[3KG,10KG),0,20230112
2023/1/17,7311-579,电商,[3KG,10KG),0,20230117
2023/1/17,7311-754,电商,[10KG,15KG),0,20230117
2023/1/17,7311-595,电商,<3KG,0,20230117,
2023/1/17,7311-579,电商,<3KG,0,20230117,
2023/1/17,7311-574,时效,>=20KG,1,20230117,
2023/1/17,7311-595,其他,[3KG,10KG),0,20230117
2023/1/17,7311-754,其他,<3KG,0,20230117,
2023/1/17,027-7311,时效,[15KG,20KG),0,20230117
2023/1/17,7311-574,时效,[10KG,15KG),1,20230117
2023/1/17,7311-599,大件,>=20KG,0,20230117,
2023/1/17,7311-574,时效,[15KG,20KG),1,20230117
2023/1/17,027-7311,其他,<3KG,0,20230117,
2023/1/17,7311-595,时效,[15KG,20KG),0,20230117
2023/1/17,7311-754,时效,[10KG,15KG),0,20230117
2023/1/17,7311-599,电商,[10KG,15KG),0,20230117
2023/1/17,7311-599,时效,<3KG,0,20230117,
2023/1/17,027-7311,冷运,>=20KG,0,20230117,
2023/1/17,7311-574,时效,<3KG,0,20230117,
2023/1/17,7311-027,电商,<3KG,0,20230117,
2023/1/17,027-7311,冷运,[10KG,15KG),0,20230117
2023/1/17,7311-574,其他,<3KG,0,20230117,
2023/1/17,027-7311,电商,[3KG,10KG),0,20230117
2023/1/17,7311-020,时效,[15KG,20KG),0,20230117
2023/1/17,7311-754,时效,<3KG,1,20230117,
2023/1/17,7311-027,电商,[15KG,20KG),0,20230117
2023/1/17,7311-574,其他,[3KG,10KG),0,20230117
2023/1/17,7311-754,大件,>=20KG,0,20230117,
2023/1/17,7311-599,其他,<3KG,0,20230117,
2023/1/17,027-7311,时效,<3KG,0,20230117,
2023/1/17,7311-020,电商,>=20KG,0,20230117,
2023/1/17,7311-027,冷运,[10KG,15KG),0,20230117
2023/1/17,7311-574,时效,[3KG,10KG),0,20230117
2023/1/17,7311-595,其他,>=20KG,0,20230117,
2023/1/17,7311-020,时效,<3KG,0,20230117,
2023/1/17,7311-595,冷运,<3KG,0,20230117,
2023/1/17,7311-579,时效,[10KG,15KG),0,20230117
2023/1/17,7311-027,时效,[15KG,20KG),0,20230117
2023/1/17,027-7311,其他,[3KG,10KG),0,20230117
2023/1/17,7311-027,时效,>=20KG,0,20230117,
2023/1/17,7311-020,大件,>=20KG,0,20230117,
2023/1/17,7311-020,其他,[3KG,10KG),0,20230117
2023/1/17,7311-027,电商,[10KG,15KG),0,20230117
2023/1/17,7311-599,其他,[3KG,10KG),0,20230117
2023/1/17,7311-579,电商,>=20KG,0,20230117,
2023/1/17,7311-574,时效,[3KG,10KG),1,20230117
2023/1/17,7311-027,冷运,<3KG,0,20230117,
2023/1/17,027-7311,电商,[15KG,20KG),0,20230117
2023/1/17,7311-754,时效,<3KG,0,20230117,
2023/1/17,7311-027,其他,[3KG,10KG),0,20230117
2023/1/17,7311-579,时效,>=20KG,0,20230117,
2023/1/17,7311-574,其他,[15KG,20KG),0,20230117
2023/1/17,7311-754,电商,[3KG,10KG),0,20230117
2023/1/17,7311-595,电商,[3KG,10KG),0,20230117
2023/1/17,7311-574,时效,[15KG,20KG),0,20230117
2023/1/17,7311-595,时效,[3KG,10KG),1,20230117
2023/1/17,7311-599,时效,[10KG,15KG),0,20230117
2023/1/17,7311-020,电商,[10KG,15KG),0,20230117
2023/1/17,7311-579,电商,[15KG,20KG),0,20230117
2023/1/17,7311-027,冷运,[3KG,10KG),0,20230117
2023/1/17,7311-754,电商,[15KG,20KG),0,20230117
2023/1/17,7311-754,其他,[3KG,10KG),0,20230117
2023/1/17,7311-027,其他,>=20KG,0,20230117,
2023/1/17,7311-595,时效,[15KG,20KG),1,20230117
2023/1/17,7311-595,时效,<3KG,0,20230117,
2023/1/17,7311-574,时效,[10KG,15KG),0,20230117
2023/1/17,7311-599,电商,[15KG,20KG),0,20230117
2023/1/17,027-7311,冷运,[3KG,10KG),0,20230117
2023/1/17,7311-027,时效,[3KG,10KG),0,20230117
2023/1/17,7311-754,时效,[15KG,20KG),0,20230117
2023/1/17,027-7311,电商,<3KG,0,20230117,
2023/1/17,7311-020,其他,<3KG,0,20230117,
2023/1/17,7311-020,时效,[10KG,15KG),0,20230117
2023/1/17,7311-027,时效,[10KG,15KG),0,20230117
2023/1/17,7311-579,其他,<3KG,0,20230117,
2023/1/17,7311-574,电商,>=20KG,0,20230117,
2023/1/17,7311-595,电商,[10KG,15KG),0,20230117
2023/1/17,7311-020,其他,>=20KG,0,20230117,
2023/1/17,7311-595,大件,>=20KG,0,20230117,
2023/1/17,7311-574,电商,<3KG,0,20230117,
2023/1/17,7311-020,电商,[15KG,20KG),0,20230117
2023/1/17,7311-574,电商,[10KG,15KG),0,20230117
2023/1/17,027-7311,时效,[3KG,10KG),0,20230117
2023/1/17,7311-574,电商,[3KG,10KG),0,20230117
2023/1/17,7311-574,时效,<3KG,1,20230117,
2023/1/17,7311-027,冷运,>=20KG,0,20230117,
2023/1/17,7311-579,时效,[3KG,10KG),0,20230117
2023/1/17,7311-599,电商,[3KG,10KG),0,20230117
2023/1/17,7311-754,时效,[3KG,10KG),0,20230117
2023/1/17,7311-754,时效,>=20KG,0,20230117,
2023/1/17,7311-027,其他,<3KG,0,20230117,
2023/1/17,7311-579,其他,[3KG,10KG),0,20230117
2023/1/17,7311-579,电商,[10KG,15KG),0,20230117
2023/1/17,7311-754,时效,[10KG,15KG),1,20230117
2023/1/17,7311-595,时效,[10KG,15KG),0,20230117
2023/1/17,7311-595,电商,>=20KG,0,20230117,
2023/1/17,7311-754,电商,<3KG,0,20230117,
2023/1/17,7311-020,电商,[3KG,10KG),0,20230117
2023/1/17,7311-599,时效,>=20KG,0,20230117,
2023/1/17,7311-599,时效,[3KG,10KG),0,20230117
2023/1/17,7311-595,时效,<3KG,1,20230117,
2023/1/17,7311-020,时效,[3KG,10KG),0,20230117
2023/1/17,7311-574,时效,>=20KG,0,20230117,
2023/1/17,7311-027,时效,<3KG,0,20230117,
2023/1/17,7311-027,大件,>=20KG,0,20230117,
2023/1/17,7311-020,其他,[10KG,15KG),0,20230117
2023/1/17,7311-754,冷运,[3KG,10KG),0,20230117
2023/1/17,7311-574,冷运,[3KG,10KG),0,20230117
2023/1/17,027-7311,电商,[10KG,15KG),0,20230117
2023/1/17,7311-579,时效,<3KG,0,20230117,
2023/1/17,7311-579,时效,[15KG,20KG),0,20230117
2023/1/17,027-7311,时效,>=20KG,0,20230117,
2023/1/17,7311-595,时效,>=20KG,0,20230117,
2023/1/17,027-7311,时效,[10KG,15KG),0,20230117
2023/1/17,027-7311,冷运,<3KG,0,20230117,
2023/1/17,7311-020,时效,>=20KG,0,20230117,
2023/1/17,7311-599,电商,<3KG,0,20230117,
2023/1/17,7311-754,时效,[3KG,10KG),1,20230117
2023/1/17,027-7311,电商,>=20KG,0,20230117,
2023/1/17,7311-020,冷运,<3KG,0,20230117,
2023/1/17,7311-020,冷运,[3KG,10KG),0,20230117
2023/1/17,7311-579,大件,>=20KG,0,20230117,
2023/1/17,027-7311,大件,>=20KG,0,20230117,
2023/1/17,7311-027,电商,>=20KG,0,20230117,
2023/1/17,7311-027,冷运,[15KG,20KG),0,20230117
2023/1/17,7311-595,时效,[3KG,10KG),0,20230117
2023/1/17,7311-027,电商,[3KG,10KG),0,20230117
2023/1/17,7311-595,时效,>=20KG,1,20230117,
2023/1/17,7311-595,其他,<3KG,0,20230117,
2023/1/17,7311-595,时效,[10KG,15KG),1,20230117
2023/1/17,7311-754,电商,>=20KG,0,20230117,
2023/1/17,7311-574,大件,>=20KG,0,20230117,
2023/1/17,7311-595,冷运,[3KG,10KG),0,20230117
2023/1/17,7311-020,电商,<3KG,0,20230117,
2023/1/18,7311-574,时效,>=20KG,1,20230118,
2023/1/18,7311-020,其他,>=20KG,0,20230118,
2023/1/18,027-7311,电商,[3KG,10KG),0,20230118
2023/1/18,7311-027,电商,[10KG,15KG),0,20230118
2023/1/18,7311-574,其他,[3KG,10KG),0,20230118
2023/1/18,7311-020,时效,[15KG,20KG),0,20230118
2023/1/18,7311-579,时效,[15KG,20KG),0,20230118
2023/1/18,7311-020,电商,[3KG,10KG),0,20230118
2023/1/18,7311-754,电商,[3KG,10KG),0,20230118
2023/1/18,7311-574,时效,<3KG,1,20230118,
2023/1/18,7311-595,电商,[3KG,10KG),0,20230118
2023/1/18,7311-574,时效,<3KG,0,20230118,
2023/1/18,027-7311,其他,[3KG,10KG),0,20230118
2023/1/18,027-7311,其他,>=20KG,0,20230118,
2023/1/18,7311-595,冷运,<3KG,0,20230118,
2023/1/18,7311-027,时效,<3KG,0,20230118,
2023/1/18,7311-020,时效,>=20KG,0,20230118,
2023/1/18,7311-579,电商,<3KG,0,20230118,
2023/1/18,7311-574,电商,[3KG,10KG),0,20230118
2023/1/18,7311-599,时效,>=20KG,0,20230118,
2023/1/18,7311-599,电商,[3KG,10KG),0,20230118
2023/1/18,7311-027,电商,[15KG,20KG),0,20230118
2023/1/18,7311-595,时效,[15KG,20KG),1,20230118
2023/1/18,7311-574,时效,>=20KG,0,20230118,
2023/1/18,027-7311,时效,[3KG,10KG),0,20230118
2023/1/18,7311-595,时效,>=20KG,1,20230118,
2023/1/18,7311-595,大件,>=20KG,0,20230118,
2023/1/18,7311-754,时效,[15KG,20KG),1,20230118
2023/1/18,7311-599,时效,[10KG,15KG),0,20230118
2023/1/18,027-7311,电商,[10KG,15KG),0,20230118
2023/1/18,7311-020,时效,[10KG,15KG),0,20230118
2023/1/18,027-7311,电商,>=20KG,0,20230118,
2023/1/18,7311-595,时效,[10KG,15KG),1,20230118
2023/1/18,7311-574,时效,[15KG,20KG),0,20230118
2023/1/18,7311-027,冷运,[3KG,10KG),0,20230118
2023/1/18,7311-579,时效,>=20KG,0,20230118,
2023/1/18,7311-574,时效,[10KG,15KG),1,20230118
2023/1/18,7311-754,电商,<3KG,0,20230118,
2023/1/18,7311-754,时效,[15KG,20KG),0,20230118
2023/1/18,7311-574,时效,[3KG,10KG),0,20230118
2023/1/18,027-7311,电商,<3KG,0,20230118,
2023/1/18,7311-020,电商,<3KG,0,20230118,
2023/1/18,7311-027,电商,<3KG,0,20230118,
2023/1/18,7311-020,其他,<3KG,0,20230118,
2023/1/18,7311-579,时效,<3KG,0,20230118,
2023/1/18,7311-027,电商,>=20KG,0,20230118,
2023/1/18,7311-579,其他,>=20KG,0,20230118,
2023/1/18,027-7311,时效,<3KG,0,20230118,
2023/1/18,7311-027,其他,[3KG,10KG),0,20230118
2023/1/18,7311-754,时效,[3KG,10KG),1,20230118
2023/1/18,7311-027,时效,[10KG,15KG),0,20230118
2023/1/18,027-7311,电商,[15KG,20KG),0,20230118
2023/1/18,7311-754,时效,[10KG,15KG),1,20230118
2023/1/18,7311-027,电商,[3KG,10KG),0,20230118
2023/1/18,027-7311,大件,>=20KG,0,20230118,
2023/1/18,7311-574,时效,[10KG,15KG),0,20230118
2023/1/18,7311-027,时效,>=20KG,0,20230118,
2023/1/18,027-7311,冷运,<3KG,0,20230118,
2023/1/18,7311-020,电商,[15KG,20KG),0,20230118
2023/1/18,7311-579,电商,[10KG,15KG),0,20230118
2023/1/18,7311-579,其他,<3KG,0,20230118,
2023/1/18,7311-574,电商,[15KG,20KG),0,20230118
2023/1/18,7311-754,其他,<3KG,0,20230118,
2023/1/18,7311-599,时效,[3KG,10KG),0,20230118
2023/1/18,7311-754,电商,[10KG,15KG),0,20230118
2023/1/18,7311-574,电商,>=20KG,0,20230118,
2023/1/18,7311-754,时效,>=20KG,0,20230118,
2023/1/18,7311-574,大件,>=20KG,0,20230118,
2023/1/18,7311-574,电商,<3KG,0,20230118,
2023/1/18,7311-574,其他,<3KG,0,20230118,
2023/1/18,7311-754,时效,<3KG,0,20230118,
2023/1/18,7311-599,电商,<3KG,0,20230118,
2023/1/18,7311-599,冷运,<3KG,0,20230118,
2023/1/18,027-7311,时效,>=20KG,0,20230118,
2023/1/18,027-7311,时效,[15KG,20KG),0,20230118
2023/1/18,7311-599,时效,<3KG,0,20230118,
2023/1/18,027-7311,冷运,[10KG,15KG),0,20230118
2023/1/18,7311-579,时效,[3KG,10KG),0,20230118
2023/1/18,7311-754,时效,[10KG,15KG),0,20230118
2023/1/18,7311-599,电商,[10KG,15KG),0,20230118
2023/1/18,7311-595,时效,[3KG,10KG),1,20230118
2023/1/18,7311-595,电商,<3KG,0,20230118,
2023/1/18,7311-595,电商,[10KG,15KG),0,20230118
2023/1/18,7311-020,大件,>=20KG,0,20230118,
2023/1/18,7311-595,时效,[15KG,20KG),0,20230118
2023/1/18,7311-754,其他,[3KG,10KG),0,20230118
2023/1/18,7311-754,时效,[3KG,10KG),0,20230118
2023/1/18,7311-579,其他,[3KG,10KG),0,20230118
2023/1/18,7311-595,冷运,[3KG,10KG),0,20230118
2023/1/18,7311-027,冷运,[10KG,15KG),0,20230118
2023/1/18,7311-599,时效,[15KG,20KG),0,20230118
2023/1/18,7311-574,时效,[3KG,10KG),1,20230118
2023/1/18,7311-579,时效,[10KG,15KG),0,20230118
2023/1/18,7311-579,电商,[15KG,20KG),0,20230118
2023/1/18,7311-754,电商,>=20KG,0,20230118,
2023/1/18,7311-599,大件,>=20KG,0,20230118,
2023/1/18,7311-020,时效,[3KG,10KG),0,20230118
2023/1/18,7311-574,电商,[10KG,15KG),0,20230118
2023/1/18,7311-020,其他,[3KG,10KG),0,20230118
2023/1/18,7311-754,时效,<3KG,1,20230118,
2023/1/18,7311-595,时效,[3KG,10KG),0,20230118
2023/1/18,7311-027,冷运,<3KG,0,20230118,
2023/1/18,027-7311,时效,[10KG,15KG),0,20230118
2023/1/18,7311-595,时效,<3KG,0,20230118,
2023/1/18,7311-020,时效,<3KG,0,20230118,
2023/1/18,7311-574,时效,[15KG,20KG),1,20230118
2023/1/18,7311-027,其他,>=20KG,0,20230118,
2023/1/18,7311-595,时效,>=20KG,0,20230118,
2023/1/18,027-7311,冷运,[3KG,10KG),0,20230118
2023/1/18,7311-027,其他,<3KG,0,20230118,
2023/1/18,7311-027,时效,[15KG,20KG),0,20230118
2023/1/18,7311-595,其他,<3KG,0,20230118,
2023/1/18,7311-579,大件,>=20KG,0,20230118,
2023/1/18,027-7311,其他,<3KG,0,20230118,
2023/1/18,7311-754,大件,>=20KG,0,20230118,
2023/1/18,7311-595,时效,[10KG,15KG),0,20230118
2023/1/18,7311-579,电商,[3KG,10KG),0,20230118
2023/1/18,7311-020,电商,[10KG,15KG),0,20230118
2023/1/18,7311-754,其他,[15KG,20KG),0,20230118
2023/1/18,7311-027,时效,[3KG,10KG),0,20230118
2023/1/18,7311-595,时效,<3KG,1,20230118,
2023/1/18,7311-020,电商,>=20KG,0,20230118,
2023/1/18,7311-027,大件,>=20KG,0,20230118,
2023/2/8,7311-574,其他,[3KG,10KG),0,20230208
2023/2/8,7311-754,时效,[15KG,20KG),0,20230208
2023/2/8,7311-574,其他,<3KG,0,20230208,
2023/2/8,027-7311,时效,[10KG,15KG),0,20230208
2023/2/8,027-7311,时效,[3KG,10KG),0,20230208
2023/2/8,7311-027,其他,<3KG,0,20230208,
2023/2/8,7311-599,电商,<3KG,0,20230208,
2023/2/8,7311-574,时效,[3KG,10KG),1,20230208
2023/2/8,7311-027,其他,>=20KG,0,20230208,
2023/2/8,7311-020,其他,[3KG,10KG),0,20230208
2023/2/8,7311-574,电商,[15KG,20KG),0,20230208
2023/2/8,7311-027,冷运,[3KG,10KG),0,20230208
2023/2/8,7311-754,时效,[3KG,10KG),1,20230208
2023/2/8,7311-020,电商,<3KG,0,20230208,
2023/2/8,027-7311,冷运,>=20KG,0,20230208,
2023/2/8,7311-020,大件,>=20KG,0,20230208,
2023/2/8,027-7311,电商,[10KG,15KG),0,20230208
2023/2/8,7311-579,电商,[10KG,15KG),0,20230208
2023/2/8,7311-020,电商,[3KG,10KG),0,20230208
2023/2/8,7311-020,时效,[10KG,15KG),0,20230208
2023/2/8,7311-754,电商,[10KG,15KG),0,20230208
2023/2/8,7311-579,时效,>=20KG,0,20230208,
2023/2/8,7311-579,时效,[10KG,15KG),0,20230208
2023/2/8,7311-574,电商,[3KG,10KG),0,20230208
2023/2/8,7311-599,时效,[3KG,10KG),0,20230208
2023/2/8,7311-595,时效,[3KG,10KG),1,20230208
2023/2/8,7311-595,时效,[3KG,10KG),0,20230208
2023/2/8,7311-020,其他,<3KG,0,20230208,
2023/2/8,7311-599,时效,<3KG,0,20230208,
2023/2/8,027-7311,冷运,[3KG,10KG),0,20230208
2023/2/8,7311-595,冷运,[3KG,10KG),0,20230208
2023/2/8,7311-579,时效,<3KG,0,20230208,
2023/2/8,7311-574,大件,>=20KG,0,20230208,
2023/2/8,7311-579,电商,[3KG,10KG),0,20230208
2023/2/8,7311-027,其他,[3KG,10KG),0,20230208
2023/2/8,027-7311,冷运,<3KG,0,20230208,
2023/2/8,7311-599,其他,<3KG,0,20230208,
2023/2/8,7311-599,冷运,[3KG,10KG),0,20230208
2023/2/8,7311-579,电商,[15KG,20KG),0,20230208
2023/2/8,7311-027,电商,<3KG,0,20230208,
2023/2/8,027-7311,时效,<3KG,0,20230208,
2023/2/8,7311-027,时效,<3KG,0,20230208,
2023/2/8,027-7311,冷运,[10KG,15KG),0,20230208
2023/2/8,7311-595,时效,>=20KG,0,20230208,
2023/2/8,7311-754,时效,[3KG,10KG),0,20230208
2023/2/8,7311-027,冷运,>=20KG,0,20230208,
2023/2/8,027-7311,电商,[3KG,10KG),0,20230208
2023/2/8,7311-595,电商,<3KG,0,20230208,
2023/2/8,7311-579,其他,[3KG,10KG),0,20230208
2023/2/8,7311-020,冷运,>=20KG,0,20230208,
2023/2/8,027-7311,大件,>=20KG,0,20230208,
2023/2/8,7311-027,时效,[15KG,20KG),0,20230208
2023/2/8,7311-595,时效,[10KG,15KG),1,20230208
2023/2/8,7311-599,时效,>=20KG,0,20230208,
2023/2/8,7311-574,时效,[15KG,20KG),0,20230208
2023/2/8,7311-027,电商,>=20KG,0,20230208,
2023/2/8,027-7311,电商,[15KG,20KG),0,20230208
2023/2/8,7311-595,电商,[15KG,20KG),0,20230208
2023/2/8,7311-027,冷运,<3KG,0,20230208,
2023/2/8,7311-579,其他,[10KG,15KG),0,20230208
2023/2/8,7311-020,时效,<3KG,0,20230208,
2023/2/8,7311-754,时效,<3KG,1,20230208,
2023/2/8,7311-754,大件,>=20KG,0,20230208,
2023/2/8,7311-599,时效,[10KG,15KG),0,20230208
2023/2/8,027-7311,其他,<3KG,0,20230208,
2023/2/8,7311-595,时效,[15KG,20KG),1,20230208
2023/2/8,7311-574,电商,[10KG,15KG),0,20230208
2023/2/8,7311-595,时效,[15KG,20KG),0,20230208
2023/2/8,7311-595,电商,>=20KG,0,20230208,
2023/2/8,7311-020,时效,[3KG,10KG),0,20230208
2023/2/8,7311-579,大件,>=20KG,0,20230208,
2023/2/8,7311-027,电商,[15KG,20KG),0,20230208
2023/2/8,027-7311,时效,[15KG,20KG),0,20230208
2023/2/8,7311-574,时效,<3KG,1,20230208,
2023/2/8,7311-027,时效,[10KG,15KG),0,20230208
2023/2/8,7311-027,时效,[3KG,10KG),0,20230208
2023/2/8,7311-599,大件,>=20KG,0,20230208,
2023/2/8,7311-579,时效,[3KG,10KG),0,20230208
2023/2/8,7311-574,时效,[10KG,15KG),1,20230208
2023/2/8,7311-574,时效,[3KG,10KG),0,20230208
2023/2/8,7311-027,电商,[10KG,15KG),0,20230208
2023/2/8,7311-574,电商,>=20KG,0,20230208,
2023/2/8,7311-595,电商,[3KG,10KG),0,20230208
2023/2/8,7311-574,时效,[10KG,15KG),0,20230208
2023/2/8,7311-020,其他,[10KG,15KG),0,20230208
2023/2/8,7311-027,时效,>=20KG,0,20230208,
2023/2/8,7311-595,大件,>=20KG,0,20230208,
2023/2/8,7311-020,时效,>=20KG,0,20230208,
2023/2/8,7311-595,其他,<3KG,0,20230208,
2023/2/8,7311-579,时效,[15KG,20KG),0,20230208
2023/2/8,7311-754,电商,[3KG,10KG),0,20230208
2023/2/8,7311-754,时效,<3KG,0,20230208,
2023/2/8,7311-574,时效,>=20KG,1,20230208,
2023/2/8,7311-027,大件,>=20KG,0,20230208,
2023/2/8,7311-754,时效,>=20KG,0,20230208,
2023/2/8,7311-595,其他,[3KG,10KG),0,20230208
2023/2/8,7311-020,其他,>=20KG,0,20230208,
2023/2/8,7311-574,时效,<3KG,0,20230208,
2023/2/8,7311-595,时效,<3KG,1,20230208,
2023/2/8,027-7311,电商,<3KG,0,20230208,
2023/2/8,027-7311,电商,>=20KG,0,20230208,
2023/2/8,027-7311,时效,>=20KG,0,20230208,
2023/2/8,7311-595,时效,<3KG,0,20230208,
2023/2/8,7311-579,其他,<3KG,0,20230208,
2023/2/8,7311-754,时效,[10KG,15KG),0,20230208
2023/2/8,7311-020,冷运,[3KG,10KG),0,20230208
2023/2/8,7311-020,电商,[15KG,20KG),0,20230208
2023/2/8,7311-574,时效,>=20KG,0,20230208,
2023/2/8,7311-020,电商,[10KG,15KG),0,20230208
2023/2/8,7311-599,电商,[3KG,10KG),0,20230208
2023/2/8,7311-595,电商,[10KG,15KG),0,20230208
2023/2/8,7311-020,时效,[15KG,20KG),0,20230208
2023/2/8,7311-754,其他,<3KG,0,20230208,
2023/2/8,7311-595,时效,[10KG,15KG),0,20230208
2023/2/8,7311-574,电商,<3KG,0,20230208,
2023/2/8,7311-599,电商,[10KG,15KG),0,20230208
2023/2/8,7311-020,电商,>=20KG,0,20230208,
2023/2/8,7311-579,电商,<3KG,0,20230208,
2023/2/8,7311-574,冷运,[3KG,10KG),0,20230208
2023/2/8,7311-027,电商,[3KG,10KG),0,20230208
2023/2/8,7311-579,电商,>=20KG,0,20230208,
2023/2/8,7311-579,冷运,[3KG,10KG),0,20230208
2023/2/8,7311-754,冷运,[3KG,10KG),0,20230208
2023/2/8,7311-754,电商,<3KG,0,20230208,
2023/2/17,7311-574,时效,>=20KG,1,20230217,
2023/2/17,7311-574,电商,<3KG,0,20230217,
2023/2/17,7311-574,其他,[15KG,20KG),0,20230217
2023/2/17,7311-574,时效,>=20KG,0,20230217,
2023/2/17,7311-579,其他,<3KG,0,20230217,
2023/2/17,7311-599,电商,[3KG,10KG),0,20230217
2023/2/17,7311-020,其他,[15KG,20KG),0,20230217
2023/2/17,027-7311,时效,>=20KG,0,20230217,
2023/2/17,7311-754,时效,<3KG,0,20230217,
2023/2/17,7311-574,时效,[15KG,20KG),0,20230217
2023/2/17,7311-027,其他,<3KG,0,20230217,
2023/2/17,7311-574,时效,[3KG,10KG),1,20230217
2023/2/17,7311-020,医药,<3KG,0,20230217,
2023/2/17,7311-579,电商,[10KG,15KG),0,20230217
2023/2/17,7311-595,时效,[3KG,10KG),1,20230217
2023/2/17,7311-595,电商,[3KG,10KG),0,20230217
2023/2/17,027-7311,大件,>=20KG,0,20230217,
2023/2/17,027-7311,时效,<3KG,0,20230217,
2023/2/17,7311-754,时效,[15KG,20KG),0,20230217
2023/2/17,027-7311,时效,[15KG,20KG),0,20230217
2023/2/17,7311-595,时效,>=20KG,0,20230217,
2023/2/17,7311-579,电商,<3KG,0,20230217,
2023/2/17,7311-595,电商,>=20KG,0,20230217,
2023/2/17,027-7311,时效,[3KG,10KG),0,20230217
2023/2/17,7311-595,时效,<3KG,0,20230217,
2023/2/17,7311-595,时效,[10KG,15KG),0,20230217
2023/2/17,7311-574,冷运,[3KG,10KG),0,20230217
2023/2/17,7311-574,电商,[15KG,20KG),0,20230217
2023/2/17,7311-020,其他,<3KG,0,20230217,
2023/2/17,7311-027,时效,[10KG,15KG),0,20230217
2023/2/17,7311-754,大件,>=20KG,0,20230217,
2023/2/17,7311-020,电商,<3KG,0,20230217,
2023/2/17,027-7311,其他,[3KG,10KG),0,20230217
2023/2/17,7311-754,电商,<3KG,0,20230217,
2023/2/17,7311-020,电商,[10KG,15KG),0,20230217
2023/2/17,7311-595,时效,[3KG,10KG),0,20230217
2023/2/17,7311-754,其他,<3KG,0,20230217,
2023/2/17,027-7311,电商,[3KG,10KG),0,20230217
2023/2/17,7311-754,电商,[10KG,15KG),0,20230217
2023/2/17,7311-020,其他,[10KG,15KG),0,20230217
2023/2/17,7311-574,电商,[10KG,15KG),0,20230217
2023/2/17,7311-599,时效,[10KG,15KG),0,20230217
2023/2/17,7311-599,电商,<3KG,0,20230217,
2023/2/17,7311-599,时效,<3KG,0,20230217,
2023/2/17,7311-027,电商,[10KG,15KG),0,20230217
2023/2/17,7311-020,冷运,[3KG,10KG),0,20230217
2023/2/17,7311-020,时效,[10KG,15KG),0,20230217
2023/2/17,7311-599,其他,<3KG,0,20230217,
2023/2/17,7311-599,电商,[10KG,15KG),0,20230217
2023/2/17,7311-599,时效,>=20KG,0,20230217,
2023/2/17,7311-574,时效,<3KG,1,20230217,
2023/2/17,027-7311,冷运,<3KG,0,20230217,
2023/2/17,7311-020,电商,[3KG,10KG),0,20230217
2023/2/17,7311-595,其他,[3KG,10KG),0,20230217
2023/2/17,7311-027,电商,[3KG,10KG),0,20230217
2023/2/17,027-7311,时效,[10KG,15KG),0,20230217
2023/2/17,7311-595,大件,>=20KG,0,20230217,
2023/2/17,027-7311,冷运,[15KG,20KG),0,20230217
2023/2/17,7311-595,其他,[10KG,15KG),0,20230217
2023/2/17,7311-754,时效,>=20KG,0,20230217,
2023/2/17,7311-574,时效,[3KG,10KG),0,20230217
2023/2/17,027-7311,电商,[15KG,20KG),0,20230217
2023/2/17,7311-579,时效,<3KG,0,20230217,
2023/2/17,7311-027,时效,>=20KG,0,20230217,
2023/2/17,7311-579,时效,[15KG,20KG),0,20230217
2023/2/17,7311-027,时效,[15KG,20KG),0,20230217
2023/2/17,027-7311,其他,<3KG,0,20230217,
2023/2/17,7311-020,电商,>=20KG,0,20230217,
2023/2/17,7311-027,电商,[15KG,20KG),0,20230217
2023/2/17,7311-574,其他,>=20KG,0,20230217,
2023/2/17,7311-574,时效,[10KG,15KG),0,20230217
2023/2/17,7311-574,时效,[10KG,15KG),1,20230217
2023/2/17,7311-579,电商,[15KG,20KG),0,20230217
2023/2/17,7311-579,大件,>=20KG,0,20230217,
2023/2/17,7311-027,时效,[3KG,10KG),0,20230217
2023/2/17,027-7311,冷运,[3KG,10KG),0,20230217
2023/2/17,7311-595,电商,<3KG,0,20230217,
2023/2/17,7311-599,时效,[3KG,10KG),0,20230217
2023/2/17,027-7311,电商,>=20KG,0,20230217,
2023/2/17,7311-574,时效,<3KG,0,20230217,
2023/2/17,7311-754,时效,[3KG,10KG),1,20230217
2023/2/17,7311-027,时效,<3KG,0,20230217,
2023/2/17,7311-020,时效,[15KG,20KG),0,20230217
2023/2/17,7311-020,大件,>=20KG,0,20230217,
2023/2/17,7311-754,电商,[3KG,10KG),0,20230217
2023/2/17,7311-027,电商,>=20KG,0,20230217,
2023/2/17,7311-599,大件,>=20KG,0,20230217,
2023/2/17,7311-579,时效,[3KG,10KG),0,20230217
2023/2/17,7311-595,时效,[15KG,20KG),0,20230217
2023/2/17,7311-574,电商,>=20KG,0,20230217,
2023/2/17,7311-595,其他,<3KG,0,20230217,
2023/2/17,7311-579,时效,[10KG,15KG),0,20230217
2023/2/17,7311-020,电商,[15KG,20KG),0,20230217
2023/2/17,7311-595,时效,[15KG,20KG),1,20230217
2023/2/17,7311-579,电商,[3KG,10KG),0,20230217
2023/2/17,027-7311,冷运,[10KG,15KG),0,20230217
2023/2/17,7311-574,电商,[3KG,10KG),0,20230217
2023/2/17,7311-027,大件,>=20KG,0,20230217,
2023/2/17,7311-595,电商,[15KG,20KG),0,20230217
2023/2/17,7311-754,时效,[15KG,20KG),1,20230217
2023/2/17,7311-027,其他,[3KG,10KG),0,20230217
2023/2/17,7311-595,时效,<3KG,1,20230217,
2023/2/17,027-7311,电商,<3KG,0,20230217,
2023/2/17,7311-020,时效,<3KG,0,20230217,
2023/2/17,027-7311,电商,[10KG,15KG),0,20230217
2023/2/17,7311-020,时效,>=20KG,0,20230217,
2023/2/17,7311-579,其他,[3KG,10KG),0,20230217
2023/2/17,7311-579,时效,>=20KG,0,20230217,
2023/2/17,027-7311,冷运,>=20KG,0,20230217,
2023/2/17,7311-020,其他,>=20KG,0,20230217,
2023/2/17,7311-574,其他,[3KG,10KG),0,20230217
2023/2/17,7311-027,电商,<3KG,0,20230217,
2023/2/17,7311-027,冷运,[3KG,10KG),0,20230217
2023/2/17,7311-754,时效,[10KG,15KG),0,20230217
2023/2/17,7311-027,冷运,[10KG,15KG),0,20230217
2023/2/17,7311-574,大件,>=20KG,0,20230217,
2023/2/17,7311-020,时效,[3KG,10KG),0,20230217
2023/2/17,7311-754,时效,<3KG,1,20230217,
2023/2/17,7311-754,时效,[3KG,10KG),0,20230217
2023/2/17,7311-027,冷运,<3KG,0,20230217,
2023/2/17,7311-574,其他,<3KG,0,20230217,
2023/4/5,7311-599,时效,[3KG,10KG),0,20230405
2023/4/5,7311-595,时效,[3KG,10KG),1,20230405
2023/4/5,7311-595,其他,>=20KG,0,20230405,
2023/4/5,7311-595,时效,[3KG,10KG),0,20230405
2023/4/5,7311-754,电商,[10KG,15KG),0,20230405
2023/4/5,7311-595,电商,<3KG,0,20230405,
2023/4/5,7311-599,时效,<3KG,0,20230405,
2023/4/5,7311-595,其他,[3KG,10KG),0,20230405
2023/4/5,027-7311,大件,>=20KG,0,20230405,
2023/4/5,7311-579,时效,[15KG,20KG),0,20230405
2023/4/5,7311-595,时效,[10KG,15KG),0,20230405
2023/4/5,7311-754,电商,[15KG,20KG),0,20230405
2023/4/5,7311-020,电商,[3KG,10KG),0,20230405
2023/4/5,7311-754,时效,<3KG,1,20230405,
2023/4/5,7311-574,时效,[3KG,10KG),1,20230405
2023/4/5,7311-027,电商,>=20KG,0,20230405,
2023/4/5,7311-027,电商,[3KG,10KG),0,20230405
2023/4/5,027-7311,电商,[15KG,20KG),0,20230405
2023/4/5,7311-574,电商,<3KG,0,20230405,
2023/4/5,7311-020,电商,[10KG,15KG),0,20230405
2023/4/5,7311-754,时效,[3KG,10KG),1,20230405
2023/4/5,7311-027,其他,[3KG,10KG),0,20230405
2023/4/5,027-7311,冷运,[3KG,10KG),0,20230405
2023/4/5,7311-595,时效,[15KG,20KG),1,20230405
2023/4/5,027-7311,医药,[3KG,10KG),0,20230405
2023/4/5,7311-754,其他,<3KG,0,20230405,
2023/4/5,7311-027,冷运,[15KG,20KG),0,20230405
2023/4/5,027-7311,时效,>=20KG,0,20230405,
2023/4/5,7311-027,时效,[15KG,20KG),0,20230405
2023/4/5,7311-754,时效,[3KG,10KG),0,20230405
2023/4/5,7311-574,其他,<3KG,0,20230405,
2023/4/5,7311-574,时效,<3KG,1,20230405,
2023/4/5,7311-027,时效,>=20KG,0,20230405,
2023/4/5,7311-027,电商,<3KG,0,20230405,
2023/4/5,027-7311,时效,<3KG,0,20230405,
2023/4/5,7311-595,电商,[10KG,15KG),0,20230405
2023/4/5,7311-579,其他,[3KG,10KG),0,20230405
2023/4/5,7311-574,时效,>=20KG,0,20230405,
2023/4/5,7311-020,其他,[3KG,10KG),0,20230405
2023/4/5,7311-595,电商,[15KG,20KG),0,20230405
2023/4/5,027-7311,其他,[3KG,10KG),0,20230405
2023/4/5,7311-020,时效,[3KG,10KG),0,20230405
2023/4/5,7311-574,冷运,[10KG,15KG),0,20230405
2023/4/5,7311-595,电商,>=20KG,0,20230405,
2023/4/5,7311-579,其他,<3KG,0,20230405,
2023/4/5,7311-579,电商,[3KG,10KG),0,20230405
2023/4/5,027-7311,电商,[10KG,15KG),0,20230405
2023/4/5,027-7311,医药,<3KG,0,20230405,
2023/4/5,7311-595,时效,[15KG,20KG),0,20230405
2023/4/5,7311-579,电商,>=20KG,0,20230405,
2023/4/5,7311-574,其他,>=20KG,0,20230405,
2023/4/5,027-7311,其他,<3KG,0,20230405,
2023/4/5,7311-574,时效,[3KG,10KG),0,20230405
2023/4/5,7311-599,电商,[3KG,10KG),0,20230405
2023/4/5,7311-599,时效,[10KG,15KG),0,20230405
2023/4/5,7311-574,时效,[10KG,15KG),1,20230405
2023/4/5,7311-020,时效,<3KG,0,20230405,
2023/4/5,7311-595,时效,<3KG,1,20230405,
2023/4/5,7311-027,冷运,>=20KG,0,20230405,
2023/4/5,7311-574,时效,[10KG,15KG),0,20230405
2023/4/5,7311-579,时效,<3KG,0,20230405,
2023/4/5,7311-754,电商,[3KG,10KG),0,20230405
2023/4/5,7311-595,其他,<3KG,0,20230405,
2023/4/5,7311-595,冷运,[3KG,10KG),0,20230405
2023/4/5,7311-027,冷运,<3KG,0,20230405,
2023/4/5,7311-027,时效,[10KG,15KG),0,20230405
2023/4/5,027-7311,电商,>=20KG,0,20230405,
2023/4/5,7311-574,其他,[3KG,10KG),0,20230405
2023/4/5,7311-579,电商,[10KG,15KG),0,20230405
2023/4/5,7311-574,电商,[3KG,10KG),0,20230405
2023/4/5,7311-579,其他,[10KG,15KG),0,20230405
2023/4/5,7311-574,电商,[10KG,15KG),0,20230405
2023/4/5,7311-574,电商,[15KG,20KG),0,20230405
2023/4/5,027-7311,电商,[3KG,10KG),0,20230405
2023/4/5,7311-754,大件,>=20KG,0,20230405,
2023/4/5,7311-579,大件,>=20KG,0,20230405,
2023/4/5,027-7311,医药,[10KG,15KG),0,20230405
2023/4/5,7311-595,大件,>=20KG,0,20230405,
2023/4/5,7311-595,时效,>=20KG,0,20230405,
2023/4/5,7311-579,时效,[3KG,10KG),0,20230405
2023/4/5,7311-595,时效,<3KG,0,20230405,
2023/4/5,7311-574,电商,>=20KG,0,20230405,
2023/4/5,7311-020,大件,>=20KG,0,20230405,
2023/4/5,027-7311,电商,<3KG,0,20230405,
2023/4/5,7311-020,其他,[10KG,15KG),0,20230405
2023/4/5,7311-027,时效,[3KG,10KG),0,20230405
2023/4/5,7311-599,电商,[10KG,15KG),0,20230405
2023/4/5,7311-574,大件,>=20KG,0,20230405,
2023/4/5,7311-599,大件,>=20KG,0,20230405,
2023/4/5,7311-020,其他,<3KG,0,20230405,
2023/4/5,027-7311,冷运,<3KG,0,20230405,
2023/4/5,7311-754,电商,<3KG,0,20230405,
2023/4/5,7311-574,时效,[15KG,20KG),0,20230405
2023/4/5,7311-020,时效,>=20KG,0,20230405,
2023/4/5,7311-754,时效,[10KG,15KG),0,20230405
2023/4/5,7311-020,电商,>=20KG,0,20230405,
2023/4/5,7311-754,时效,>=20KG,0,20230405,
2023/4/5,7311-579,其他,>=20KG,0,20230405,
2023/4/5,027-7311,时效,[15KG,20KG),0,20230405
2023/4/5,7311-020,其他,[15KG,20KG),0,20230405
2023/4/5,7311-595,时效,[10KG,15KG),1,20230405
2023/4/5,7311-579,电商,<3KG,0,20230405,
2023/4/5,7311-027,冷运,[3KG,10KG),0,20230405
2023/4/5,7311-020,电商,<3KG,0,20230405,
2023/4/5,7311-599,电商,>=20KG,0,20230405,
2023/4/5,7311-020,时效,[10KG,15KG),0,20230405
2023/4/5,7311-574,时效,>=20KG,1,20230405,
2023/4/5,7311-579,时效,>=20KG,0,20230405,
2023/4/5,7311-599,电商,<3KG,0,20230405,
2023/4/5,7311-579,时效,[10KG,15KG),0,20230405
2023/4/5,7311-020,冷运,>=20KG,0,20230405,
2023/4/5,7311-027,电商,[10KG,15KG),0,20230405
2023/4/5,7311-020,冷运,<3KG,0,20230405,
2023/4/5,7311-020,电商,[15KG,20KG),0,20230405
2023/4/5,027-7311,其他,>=20KG,0,20230405,
2023/4/5,7311-020,医药,>=20KG,0,20230405,
2023/4/5,7311-027,时效,<3KG,0,20230405,
2023/4/5,7311-020,时效,[15KG,20KG),0,20230405
2023/4/5,7311-754,时效,[15KG,20KG),0,20230405
2023/4/5,7311-027,电商,[15KG,20KG),0,20230405
2023/4/5,027-7311,时效,[3KG,10KG),0,20230405
2023/4/5,7311-754,时效,<3KG,0,20230405,
2023/4/5,7311-595,电商,[3KG,10KG),0,20230405
2023/4/5,7311-027,其他,<3KG,0,20230405,
2023/4/5,7311-027,大件,>=20KG,0,20230405,
2023/4/5,7311-574,时效,<3KG,0,20230405,
2023/4/5,7311-020,冷运,[3KG,10KG),0,20230405
2023/4/5,027-7311,时效,[10KG,15KG),0,20230405
2023/4/15,7311-754,时效,[10KG,15KG),0,20230415
2023/4/15,7311-579,大件,>=20KG,0,20230415,
2023/4/15,7311-579,其他,<3KG,0,20230415,
2023/4/15,027-7311,电商,[10KG,15KG),0,20230415
2023/4/15,027-7311,时效,[15KG,20KG),0,20230415
2023/4/15,7311-595,大件,>=20KG,0,20230415,
2023/4/15,027-7311,其他,>=20KG,0,20230415,
2023/4/15,7311-599,电商,<3KG,0,20230415,
2023/4/15,7311-020,医药,>=20KG,0,20230415,
2023/4/15,027-7311,时效,[10KG,15KG),0,20230415
2023/4/15,7311-027,电商,[10KG,15KG),0,20230415
2023/4/15,027-7311,冷运,[15KG,20KG),0,20230415
2023/4/15,7311-020,其他,[3KG,10KG),0,20230415
2023/4/15,7311-020,电商,>=20KG,0,20230415,
2023/4/15,7311-599,大件,>=20KG,0,20230415,
2023/4/15,027-7311,时效,[3KG,10KG),0,20230415
2023/4/15,7311-595,时效,[10KG,15KG),1,20230415
2023/4/15,027-7311,电商,[3KG,10KG),0,20230415
2023/4/15,7311-595,时效,[15KG,20KG),0,20230415
2023/4/15,027-7311,电商,[15KG,20KG),0,20230415
2023/4/15,7311-020,时效,[10KG,15KG),0,20230415
2023/4/15,7311-599,时效,<3KG,0,20230415,
2023/4/15,7311-574,其他,<3KG,0,20230415,
2023/4/15,7311-595,电商,[10KG,15KG),0,20230415
2023/4/15,7311-579,时效,>=20KG,0,20230415,
2023/4/15,027-7311,其他,<3KG,0,20230415,
2023/4/15,7311-599,电商,[3KG,10KG),0,20230415
2023/4/15,7311-579,其他,>=20KG,0,20230415,
2023/4/15,7311-574,时效,<3KG,0,20230415,
2023/4/15,7311-027,电商,>=20KG,0,20230415,
2023/4/15,027-7311,冷运,[10KG,15KG),0,20230415
2023/4/15,027-7311,时效,<3KG,0,20230415,
2023/4/15,7311-579,其他,[3KG,10KG),0,20230415
2023/4/15,7311-574,时效,<3KG,1,20230415,
2023/4/15,7311-754,电商,[3KG,10KG),0,20230415
2023/4/15,7311-754,电商,<3KG,0,20230415,
2023/4/15,7311-574,时效,[3KG,10KG),1,20230415
2023/4/15,7311-574,时效,[15KG,20KG),0,20230415
2023/4/15,027-7311,大件,>=20KG,0,20230415,
2023/4/15,7311-595,电商,[3KG,10KG),0,20230415
2023/4/15,7311-579,电商,<3KG,0,20230415,
2023/4/15,7311-020,大件,>=20KG,0,20230415,
2023/4/15,7311-574,时效,[3KG,10KG),0,20230415
2023/4/15,7311-579,电商,[10KG,15KG),0,20230415
2023/4/15,7311-599,时效,[3KG,10KG),0,20230415
2023/4/15,7311-027,电商,[15KG,20KG),0,20230415
2023/4/15,7311-027,电商,[3KG,10KG),0,20230415
2023/4/15,7311-754,冷运,<3KG,0,20230415,
2023/4/15,7311-027,其他,[3KG,10KG),0,20230415
2023/4/15,7311-595,时效,[3KG,10KG),1,20230415
2023/4/15,7311-595,电商,<3KG,0,20230415,
2023/4/15,7311-027,时效,>=20KG,0,20230415,
2023/4/15,7311-027,时效,[10KG,15KG),0,20230415
2023/4/15,7311-020,其他,>=20KG,0,20230415,
2023/4/15,7311-754,时效,>=20KG,1,20230415,
2023/4/15,7311-020,电商,[15KG,20KG),0,20230415
2023/4/15,7311-027,医药,[10KG,15KG),0,20230415
2023/4/15,7311-027,电商,<3KG,0,20230415,
2023/4/15,7311-754,时效,<3KG,1,20230415,
2023/4/15,7311-599,冷运,[3KG,10KG),0,20230415
2023/4/15,7311-595,时效,<3KG,1,20230415,
2023/4/15,7311-027,冷运,[3KG,10KG),0,20230415
2023/4/15,027-7311,医药,>=20KG,0,20230415,
2023/4/15,7311-754,电商,[10KG,15KG),0,20230415
2023/4/15,7311-595,电商,>=20KG,0,20230415,
2023/4/15,7311-574,时效,[10KG,15KG),0,20230415
2023/4/15,027-7311,时效,>=20KG,0,20230415,
2023/4/15,7311-027,其他,>=20KG,0,20230415,
2023/4/15,7311-027,时效,[15KG,20KG),0,20230415
2023/4/15,7311-754,大件,>=20KG,0,20230415,
2023/4/15,7311-574,其他,>=20KG,0,20230415,
2023/4/15,7311-027,其他,[10KG,15KG),0,20230415
2023/4/15,7311-574,时效,>=20KG,1,20230415,
2023/4/15,7311-754,时效,[15KG,20KG),0,20230415
2023/4/15,7311-020,电商,<3KG,0,20230415,
2023/4/15,7311-579,冷运,[3KG,10KG),0,20230415
2023/4/15,7311-754,时效,[3KG,10KG),0,20230415
2023/4/15,7311-595,时效,>=20KG,0,20230415,
2023/4/15,7311-574,电商,[15KG,20KG),0,20230415
2023/4/15,7311-574,时效,>=20KG,0,20230415,
2023/4/15,7311-574,其他,[3KG,10KG),0,20230415
2023/4/15,7311-754,其他,<3KG,0,20230415,
2023/4/15,027-7311,其他,[3KG,10KG),0,20230415
2023/4/15,7311-579,时效,<3KG,0,20230415,
2023/4/15,7311-595,时效,<3KG,0,20230415,
2023/4/15,027-7311,冷运,[3KG,10KG),0,20230415
2023/4/15,7311-027,冷运,[10KG,15KG),0,20230415
2023/4/15,7311-579,时效,[3KG,10KG),0,20230415
2023/4/15,7311-020,时效,[3KG,10KG),0,20230415
2023/4/15,7311-020,时效,[15KG,20KG),0,20230415
2023/4/15,7311-754,电商,[15KG,20KG),0,20230415
2023/4/15,7311-574,电商,[3KG,10KG),0,20230415
2023/4/15,7311-574,电商,<3KG,0,20230415,
2023/4/15,7311-020,时效,>=20KG,0,20230415,
2023/4/15,7311-027,其他,<3KG,0,20230415,
2023/4/15,7311-027,冷运,<3KG,0,20230415,
2023/4/15,7311-599,电商,[10KG,15KG),0,20230415
2023/4/15,7311-027,时效,[3KG,10KG),0,20230415
2023/4/15,7311-754,时效,<3KG,0,20230415,
2023/4/15,7311-579,其他,[10KG,15KG),0,20230415
2023/4/15,7311-595,时效,[3KG,10KG),0,20230415
2023/4/15,7311-579,时效,[10KG,15KG),0,20230415
2023/4/15,7311-579,电商,>=20KG,0,20230415,
2023/4/15,027-7311,电商,<3KG,0,20230415,
2023/4/15,7311-754,时效,>=20KG,0,20230415,
2023/4/15,7311-595,时效,[10KG,15KG),0,20230415
2023/4/15,7311-579,电商,[3KG,10KG),0,20230415
2023/4/15,7311-020,时效,<3KG,0,20230415,
2023/4/15,7311-574,时效,[10KG,15KG),1,20230415
2023/4/15,7311-579,其他,[15KG,20KG),0,20230415
2023/4/15,7311-020,冷运,[3KG,10KG),0,20230415
2023/4/15,7311-574,冷运,[3KG,10KG),0,20230415
2023/4/15,7311-595,冷运,<3KG,0,20230415,
2023/4/15,7311-754,时效,[3KG,10KG),1,20230415
2023/4/15,7311-020,电商,[3KG,10KG),0,20230415
2023/4/15,7311-599,其他,<3KG,0,20230415,
2023/4/15,7311-595,其他,[3KG,10KG),0,20230415
2023/4/15,7311-579,医药,[3KG,10KG),0,20230415
2023/4/15,7311-574,电商,>=20KG,0,20230415,
2023/4/15,7311-579,时效,[15KG,20KG),0,20230415
2023/4/15,7311-599,时效,[10KG,15KG),0,20230415
2023/4/15,7311-027,时效,<3KG,0,20230415,
2023/4/15,7311-027,冷运,>=20KG,0,20230415,
2023/4/15,7311-595,冷运,[3KG,10KG),0,20230415
2023/4/15,027-7311,冷运,>=20KG,0,20230415,
2023/4/15,7311-579,电商,[15KG,20KG),0,20230415
2023/4/15,7311-754,冷运,[3KG,10KG),0,20230415
2023/4/15,7311-574,电商,[10KG,15KG),0,20230415
2023/4/15,7311-595,其他,<3KG,0,20230415,
2023/4/15,7311-599,时效,>=20KG,0,20230415,
2023/4/15,7311-595,其他,[10KG,15KG),0,20230415
2023/4/15,7311-020,医药,[10KG,15KG),0,20230415
2023/4/15,7311-574,时效,[15KG,20KG),1,20230415
2023/4/15,027-7311,电商,>=20KG,0,20230415,
2023/4/15,7311-027,大件,>=20KG,0,20230415,
2023/4/15,7311-020,其他,[10KG,15KG),0,20230415
2023/4/15,027-7311,冷运,<3KG,0,20230415,
2023/4/15,7311-020,其他,<3KG,0,20230415,
2023/4/15,7311-020,电商,[10KG,15KG),0,20230415
2023/4/15,7311-574,大件,>=20KG,0,20230415,
2023/5/30,7311-595,时效,<3KG,1,20230530,
2023/5/30,7311-579,时效,[15KG,20KG),0,20230530
2023/5/30,7311-020,电商,<3KG,0,20230530,
2023/5/30,7311-754,时效,[3KG,10KG),0,20230530
2023/5/30,7311-595,时效,[15KG,20KG),0,20230530
2023/5/30,7311-574,电商,<3KG,0,20230530,
2023/5/30,7311-595,时效,>=20KG,0,20230530,
2023/5/30,7311-599,冷运,[3KG,10KG),0,20230530
2023/5/30,7311-579,时效,<3KG,0,20230530,
2023/5/30,7311-020,时效,>=20KG,0,20230530,
2023/5/30,027-7311,时效,[3KG,10KG),0,20230530
2023/5/30,7311-574,电商,[3KG,10KG),0,20230530
2023/5/30,7311-599,大件,>=20KG,0,20230530,
2023/5/30,7311-020,医药,[10KG,15KG),0,20230530
2023/5/30,7311-595,电商,[3KG,10KG),0,20230530
2023/5/30,7311-595,时效,<3KG,0,20230530,
2023/5/30,7311-020,大件,>=20KG,0,20230530,
2023/5/30,7311-574,其他,[10KG,15KG),0,20230530
2023/5/30,027-7311,电商,>=20KG,0,20230530,
2023/5/30,7311-579,电商,[15KG,20KG),0,20230530
2023/5/30,7311-754,大件,>=20KG,0,20230530,
2023/5/30,027-7311,电商,[15KG,20KG),0,20230530
2023/5/30,027-7311,其他,[3KG,10KG),0,20230530
2023/5/30,7311-027,大件,>=20KG,0,20230530,
2023/5/30,7311-027,冷运,<3KG,0,20230530,
2023/5/30,7311-595,电商,<3KG,0,20230530,
2023/5/30,7311-754,冷运,<3KG,0,20230530,
2023/5/30,027-7311,电商,[10KG,15KG),0,20230530
2023/5/30,7311-579,时效,[10KG,15KG),0,20230530
2023/5/30,7311-574,时效,[3KG,10KG),0,20230530
2023/5/30,7311-595,其他,[3KG,10KG),0,20230530
2023/5/30,7311-579,其他,[3KG,10KG),0,20230530
2023/5/30,7311-599,时效,[3KG,10KG),0,20230530
2023/5/30,7311-574,电商,[15KG,20KG),0,20230530
2023/5/30,7311-579,电商,[3KG,10KG),0,20230530
2023/5/30,7311-574,电商,>=20KG,0,20230530,
2023/5/30,7311-574,其他,<3KG,0,20230530,
2023/5/30,7311-020,其他,<3KG,0,20230530,
2023/5/30,7311-579,大件,>=20KG,0,20230530,
2023/5/30,7311-027,冷运,[3KG,10KG),0,20230530
2023/5/30,7311-020,其他,[3KG,10KG),0,20230530
2023/5/30,7311-595,大件,>=20KG,0,20230530,
2023/5/30,7311-027,电商,>=20KG,0,20230530,
2023/5/30,7311-027,电商,<3KG,0,20230530,
2023/5/30,7311-599,时效,[15KG,20KG),0,20230530
2023/5/30,7311-754,时效,>=20KG,0,20230530,
2023/5/30,7311-595,时效,[3KG,10KG),1,20230530
2023/5/30,7311-027,时效,[15KG,20KG),0,20230530
2023/5/30,7311-020,冷运,<3KG,0,20230530,
2023/5/30,7311-020,冷运,>=20KG,0,20230530,
2023/5/30,7311-574,冷运,[3KG,10KG),0,20230530
2023/5/30,7311-574,时效,[10KG,15KG),0,20230530
2023/5/30,7311-027,其他,<3KG,0,20230530,
2023/5/30,027-7311,其他,[15KG,20KG),0,20230530
2023/5/30,7311-027,电商,[3KG,10KG),0,20230530
2023/5/30,7311-754,电商,<3KG,0,20230530,
2023/5/30,7311-027,医药,[3KG,10KG),0,20230530
2023/5/30,027-7311,时效,[10KG,15KG),0,20230530
2023/5/30,027-7311,冷运,>=20KG,0,20230530,
2023/5/30,027-7311,电商,<3KG,0,20230530,
2023/5/30,7311-574,时效,>=20KG,0,20230530,
2023/5/30,7311-599,电商,[15KG,20KG),0,20230530
2023/5/30,7311-599,其他,<3KG,0,20230530,
2023/5/30,7311-579,电商,>=20KG,0,20230530,
2023/5/30,7311-754,电商,>=20KG,0,20230530,
2023/5/30,7311-027,时效,<3KG,0,20230530,
2023/5/30,7311-579,其他,>=20KG,0,20230530,
2023/5/30,7311-027,冷运,>=20KG,0,20230530,
2023/5/30,027-7311,时效,<3KG,0,20230530,
2023/5/30,7311-574,其他,[3KG,10KG),0,20230530
2023/5/30,7311-754,电商,[3KG,10KG),0,20230530
2023/5/30,027-7311,大件,>=20KG,0,20230530,
2023/5/30,7311-020,时效,[15KG,20KG),0,20230530
2023/5/30,7311-599,电商,[3KG,10KG),0,20230530
2023/5/30,7311-595,时效,>=20KG,1,20230530,
2023/5/30,7311-599,电商,[10KG,15KG),0,20230530
2023/5/30,7311-027,其他,[3KG,10KG),0,20230530
2023/5/30,7311-027,时效,[10KG,15KG),0,20230530
2023/5/30,7311-599,时效,[10KG,15KG),0,20230530
2023/5/30,7311-027,医药,>=20KG,0,20230530,
2023/5/30,7311-754,时效,<3KG,0,20230530,
2023/5/30,7311-754,其他,<3KG,0,20230530,
2023/5/30,027-7311,其他,>=20KG,0,20230530,
2023/5/30,7311-579,其他,[10KG,15KG),0,20230530
2023/5/30,7311-754,时效,[3KG,10KG),1,20230530
2023/5/30,7311-574,时效,[3KG,10KG),1,20230530
2023/5/30,7311-754,时效,<3KG,1,20230530,
2023/5/30,7311-027,其他,[10KG,15KG),0,20230530
2023/5/30,7311-595,时效,[10KG,15KG),1,20230530
2023/5/30,7311-027,时效,[3KG,10KG),0,20230530
2023/5/30,7311-574,时效,<3KG,0,20230530,
2023/5/30,7311-574,电商,[10KG,15KG),0,20230530
2023/5/30,7311-579,时效,>=20KG,0,20230530,
2023/5/30,027-7311,电商,[3KG,10KG),0,20230530
2023/5/30,7311-574,时效,[10KG,15KG),1,20230530
2023/5/30,027-7311,冷运,[15KG,20KG),0,20230530
2023/5/30,7311-020,时效,[3KG,10KG),0,20230530
2023/5/30,7311-599,电商,<3KG,0,20230530,
2023/5/30,7311-595,其他,<3KG,0,20230530,
2023/5/30,7311-599,时效,<3KG,0,20230530,
2023/5/30,027-7311,冷运,[3KG,10KG),0,20230530
2023/5/30,7311-027,其他,>=20KG,0,20230530,
2023/5/30,7311-754,冷运,[3KG,10KG),0,20230530
2023/5/30,027-7311,时效,>=20KG,0,20230530,
2023/5/30,7311-595,时效,[3KG,10KG),0,20230530
2023/5/30,7311-595,时效,[10KG,15KG),0,20230530
2023/5/30,7311-020,电商,[10KG,15KG),0,20230530
2023/5/30,7311-027,电商,[10KG,15KG),0,20230530
2023/5/30,7311-027,时效,>=20KG,0,20230530,
2023/5/30,027-7311,冷运,<3KG,0,20230530,
2023/5/30,7311-599,时效,>=20KG,0,20230530,
2023/5/30,7311-754,时效,[10KG,15KG),0,20230530
2023/5/30,7311-579,电商,<3KG,0,20230530,
2023/5/30,7311-020,电商,[3KG,10KG),0,20230530
2023/5/30,7311-579,其他,<3KG,0,20230530,
2023/5/30,7311-020,电商,>=20KG,0,20230530,
2023/5/30,7311-020,其他,>=20KG,0,20230530,
2023/5/30,027-7311,其他,<3KG,0,20230530,
2023/5/30,7311-020,医药,<3KG,0,20230530,
2023/5/30,7311-020,时效,[10KG,15KG),0,20230530
2023/5/30,7311-020,时效,<3KG,0,20230530,
2023/5/30,027-7311,时效,[15KG,20KG),0,20230530
2023/5/30,7311-579,时效,[3KG,10KG),0,20230530
2023/5/30,7311-595,冷运,<3KG,0,20230530,
2023/5/30,7311-595,冷运,[3KG,10KG),0,20230530
2023/5/30,027-7311,其他,[10KG,15KG),0,20230530
2023/5/30,7311-574,大件,>=20KG,0,20230530,
2023/5/30,7311-574,时效,[15KG,20KG),0,20230530
2023/5/30,7311-754,时效,[15KG,20KG),0,20230530
2023/5/30,7311-579,电商,[10KG,15KG),0,20230530
2023/5/30,7311-020,冷运,[3KG,10KG),0,20230530
2023/5/30,7311-020,电商,[15KG,20KG),0,20230530
2023/5/30,7311-579,冷运,[3KG,10KG),0,20230530
2023/5/30,7311-754,电商,[10KG,15KG),0,20230530
2023/5/30,7311-754,时效,>=20KG,1,20230530,
2023/5/30,7311-574,其他,>=20KG,0,20230530,
2023/5/30,7311-754,电商,[15KG,20KG),0,20230530
2023/5/30,7311-574,时效,<3KG,1,20230530,
2023/5/30,027-7311,冷运,[10KG,15KG),0,20230530
2023/5/30,7311-595,电商,[10KG,15KG),0,20230530
2023/6/6,7311-020,电商,[3KG,10KG),0,20230606
2023/6/6,7311-574,其他,[3KG,10KG),0,20230606
2023/6/6,7311-595,电商,[15KG,20KG),0,20230606
2023/6/6,027-7311,时效,<3KG,0,20230606,
2023/6/6,7311-579,时效,[3KG,10KG),0,20230606
2023/6/6,7311-599,电商,[3KG,10KG),0,20230606
2023/6/6,7311-027,医药,[3KG,10KG),0,20230606
2023/6/6,7311-574,时效,[10KG,15KG),0,20230606
2023/6/6,7311-027,其他,<3KG,0,20230606,
2023/6/6,7311-027,电商,[15KG,20KG),0,20230606
2023/6/6,027-7311,冷运,[10KG,15KG),0,20230606
2023/6/6,7311-027,冷运,>=20KG,0,20230606,
2023/6/6,7311-574,电商,>=20KG,0,20230606,
2023/6/6,7311-579,电商,[15KG,20KG),0,20230606
2023/6/6,7311-595,其他,[15KG,20KG),0,20230606
2023/6/6,7311-574,电商,<3KG,0,20230606,
2023/6/6,7311-754,电商,<3KG,0,20230606,
2023/6/6,7311-595,其他,[3KG,10KG),0,20230606
2023/6/6,7311-579,时效,[10KG,15KG),0,20230606
2023/6/6,7311-595,时效,[10KG,15KG),1,20230606
2023/6/6,7311-754,时效,<3KG,1,20230606,
2023/6/6,7311-595,冷运,[3KG,10KG),0,20230606
2023/6/6,7311-599,冷运,[3KG,10KG),0,20230606
2023/6/6,7311-579,其他,[3KG,10KG),0,20230606
2023/6/6,7311-754,时效,[10KG,15KG),0,20230606
2023/6/6,7311-020,电商,>=20KG,0,20230606,
2023/6/6,7311-574,电商,[15KG,20KG),0,20230606
2023/6/6,7311-574,冷运,[3KG,10KG),0,20230606
2023/6/6,7311-027,其他,[3KG,10KG),0,20230606
2023/6/6,7311-599,电商,[15KG,20KG),0,20230606
2023/6/6,7311-027,冷运,[3KG,10KG),0,20230606
2023/6/6,7311-579,电商,[10KG,15KG),0,20230606
2023/6/6,7311-020,电商,[15KG,20KG),0,20230606
2023/6/6,7311-595,电商,<3KG,0,20230606,
2023/6/6,7311-754,时效,[15KG,20KG),0,20230606
2023/6/6,7311-027,医药,[10KG,15KG),0,20230606
2023/6/6,7311-595,时效,[3KG,10KG),0,20230606
2023/6/6,7311-754,冷运,[3KG,10KG),0,20230606
2023/6/6,7311-020,其他,<3KG,0,20230606,
2023/6/6,7311-754,大件,>=20KG,0,20230606,
2023/6/6,7311-027,冷运,<3KG,0,20230606,
2023/6/6,7311-599,时效,[10KG,15KG),0,20230606
2023/6/6,027-7311,其他,[3KG,10KG),0,20230606
2023/6/6,7311-754,时效,>=20KG,0,20230606,
2023/6/6,7311-595,时效,<3KG,1,20230606,
2023/6/6,027-7311,冷运,[3KG,10KG),0,20230606
2023/6/6,7311-020,时效,[15KG,20KG),0,20230606
2023/6/6,7311-579,其他,[10KG,15KG),0,20230606
2023/6/6,7311-579,大件,>=20KG,0,20230606,
2023/6/6,7311-579,时效,>=20KG,0,20230606,
2023/6/6,7311-599,电商,<3KG,0,20230606,
2023/6/6,7311-574,电商,[10KG,15KG),0,20230606
2023/6/6,7311-020,其他,[3KG,10KG),0,20230606
2023/6/6,7311-027,大件,>=20KG,0,20230606,
2023/6/6,027-7311,时效,>=20KG,0,20230606,
2023/6/6,7311-027,时效,[15KG,20KG),0,20230606
2023/6/6,7311-754,时效,[10KG,15KG),1,20230606
2023/6/6,7311-027,其他,>=20KG,0,20230606,
2023/6/6,7311-020,时效,[10KG,15KG),0,20230606
2023/6/6,027-7311,时效,[15KG,20KG),0,20230606
2023/6/6,7311-579,时效,[15KG,20KG),0,20230606
2023/6/6,7311-020,时效,<3KG,0,20230606,
2023/6/6,7311-579,电商,[3KG,10KG),0,20230606
2023/6/6,7311-599,时效,[3KG,10KG),0,20230606
2023/6/6,7311-027,电商,<3KG,0,20230606,
2023/6/6,7311-599,电商,[10KG,15KG),0,20230606
2023/6/6,7311-574,时效,>=20KG,1,20230606,
2023/6/6,7311-599,大件,>=20KG,0,20230606,
2023/6/6,7311-574,时效,[15KG,20KG),0,20230606
2023/6/6,7311-599,时效,[15KG,20KG),0,20230606
2023/6/6,7311-599,时效,<3KG,0,20230606,
2023/6/6,7311-574,时效,[15KG,20KG),1,20230606
2023/6/6,7311-574,电商,[3KG,10KG),0,20230606
2023/6/6,7311-595,时效,[10KG,15KG),0,20230606
2023/6/6,7311-574,时效,[3KG,10KG),0,20230606
2023/6/6,7311-027,时效,[10KG,15KG),0,20230606
2023/6/6,7311-027,时效,[3KG,10KG),0,20230606
2023/6/6,7311-020,冷运,>=20KG,0,20230606,
2023/6/6,7311-574,时效,<3KG,0,20230606,
2023/6/6,7311-020,其他,[10KG,15KG),0,20230606
2023/6/6,7311-574,时效,>=20KG,0,20230606,
2023/6/6,027-7311,医药,>=20KG,0,20230606,
2023/6/6,027-7311,时效,[3KG,10KG),0,20230606
2023/6/6,7311-595,其他,<3KG,0,20230606,
2023/6/6,7311-579,电商,>=20KG,0,20230606,
2023/6/6,7311-020,其他,>=20KG,0,20230606,
2023/6/6,7311-027,电商,[3KG,10KG),0,20230606
2023/6/6,7311-595,时效,<3KG,0,20230606,
2023/6/6,027-7311,大件,>=20KG,0,20230606,
2023/6/6,7311-579,其他,[15KG,20KG),0,20230606
2023/6/6,7311-020,电商,[10KG,15KG),0,20230606
2023/6/6,7311-574,大件,>=20KG,0,20230606,
2023/6/6,7311-754,时效,[3KG,10KG),1,20230606
2023/6/6,7311-595,大件,>=20KG,0,20230606,
2023/6/6,027-7311,冷运,>=20KG,0,20230606,
2023/6/6,027-7311,电商,>=20KG,0,20230606,
2023/6/6,7311-579,时效,<3KG,0,20230606,
2023/6/6,7311-020,其他,[15KG,20KG),0,20230606
2023/6/6,7311-020,医药,>=20KG,0,20230606,
2023/6/6,7311-574,其他,[15KG,20KG),0,20230606
2023/6/6,7311-574,时效,[10KG,15KG),1,20230606
2023/6/6,027-7311,冷运,[15KG,20KG),0,20230606
2023/6/6,7311-027,冷运,[10KG,15KG),0,20230606
2023/6/6,7311-579,冷运,[3KG,10KG),0,20230606
2023/6/6,7311-754,其他,<3KG,0,20230606,
2023/6/6,027-7311,电商,<3KG,0,20230606,
2023/6/6,7311-020,时效,>=20KG,0,20230606,
2023/6/6,7311-027,电商,[10KG,15KG),0,20230606
2023/6/6,7311-595,时效,[3KG,10KG),1,20230606
2023/6/6,7311-754,电商,[10KG,15KG),0,20230606
2023/6/6,7311-579,电商,<3KG,0,20230606,
2023/6/6,7311-599,时效,>=20KG,0,20230606,
2023/6/6,027-7311,电商,[3KG,10KG),0,20230606
2023/6/6,7311-027,时效,>=20KG,0,20230606,
2023/6/6,7311-020,时效,[3KG,10KG),0,20230606
2023/6/6,7311-754,时效,<3KG,0,20230606,
2023/6/6,7311-574,其他,[10KG,15KG),0,20230606
2023/6/6,7311-574,时效,[3KG,10KG),1,20230606
2023/6/6,027-7311,时效,[10KG,15KG),0,20230606
2023/6/6,7311-595,时效,>=20KG,0,20230606,
2023/6/6,7311-754,电商,[3KG,10KG),0,20230606
2023/6/6,7311-595,时效,[15KG,20KG),0,20230606
2023/6/6,7311-579,其他,<3KG,0,20230606,
2023/6/6,7311-020,电商,<3KG,0,20230606,
2023/6/6,027-7311,冷运,<3KG,0,20230606,
2023/6/6,027-7311,电商,[15KG,20KG),0,20230606
2023/6/6,7311-754,时效,[3KG,10KG),0,20230606
2023/6/6,7311-020,冷运,[3KG,10KG),0,20230606
2023/6/6,027-7311,其他,<3KG,0,20230606,
2023/6/6,7311-027,时效,<3KG,0,20230606,
2023/6/6,7311-754,时效,>=20KG,1,20230606,
2023/6/6,7311-574,其他,<3KG,0,20230606,
2023/6/6,7311-574,时效,<3KG,1,20230606,
2023/6/6,027-7311,电商,[10KG,15KG),0,20230606
2023/6/6,7311-595,电商,[3KG,10KG),0,20230606
2023/6/6,7311-020,大件,>=20KG,0,20230606,
2023/6/6,7311-595,电商,[10KG,15KG),0,20230606
2023/6/6,7311-027,电商,>=20KG,0,20230606,
2023/6/6,7311-574,其他,>=20KG,0,20230606,
