上游表,,,,业务区-old,,,
inc_day,inc_dayhour,all_order_num,air_order_num,area_all_order_num,area_air_order_num,diff_all,diff_air
20230601,2023060101,2888064,135923,2888064,135923,0,0
20230601,2023060102,4390466,217619,4390466,217619,0,0
20230601,2023060103,5496624,266995,5496624,266995,0,0
20230601,2023060104,6066631,290595,6066631,290595,0,0
20230601,2023060105,6421345,311053,6421345,311053,0,0
20230601,2023060106,6776726,331996,6776726,331996,0,0
20230601,2023060107,7386766,372285,7386766,372285,0,0
20230601,2023060108,8715230,467352,8715230,467352,0,0
20230601,2023060109,11532463,667978,11532463,667978,0,0
20230601,2023060110,15317564,997525,15317564,997525,0,0
20230601,2023060111,19028184,1366151,19028184,1366151,0,0
20230601,2023060112,22118145,1708505,22118145,1708505,0,0
20230601,2023060113,24337095,1941421,24337095,1941421,0,0
20230601,2023060114,27043813,2213224,27043813,2213224,0,0
20230601,2023060115,30315798,2574722,30315798,2574722,0,0
20230601,2023060116,33614157,2978533,33614157,2978533,0,0
20230601,2023060117,37155774,3447232,37155774,3447232,0,0
20230601,2023060118,40258743,3896699,40258743,3896699,0,0
20230601,2023060119,42423646,4220427,42423646,4220427,0,0
20230601,2023060120,43967050,4433689,43967050,4433689,0,0
20230601,2023060121,45235384,4563176,45235384,4563176,0,0
20230601,2023060122,46387269,4650832,46387269,4650832,0,0
20230601,2023060123,47443448,4706049,47443448,4706049,0,0
20230601,2023060124,48359075,4743478,48359075,4743478,0,0
20230602,2023060201,615726,26816,615726,26816,0,0
20230602,2023060202,981216,44545,981216,44545,0,0
20230602,2023060203,1162273,54137,1162273,54137,0,0
20230602,2023060204,1269425,59286,1269425,59286,0,0
20230602,2023060205,1374197,62907,1374197,62907,0,0
20230602,2023060206,1508269,71305,1508269,71305,0,0
20230602,2023060207,1758573,85583,1758573,85583,0,0
20230602,2023060208,2605402,136767,2605402,136767,0,0
20230602,2023060209,4811137,297716,4811137,297716,0,0
20230602,2023060210,7769628,579693,7769628,579693,0,0
20230602,2023060211,10852731,926836,10852731,926836,0,0
20230602,2023060212,13426697,1238742,13426697,1238742,0,0
20230602,2023060213,15316314,1461138,15316314,1461138,0,0
20230602,2023060214,17797056,1715271,17797056,1715271,0,0
20230602,2023060215,20707955,2049132,20707955,2049132,0,0
20230602,2023060216,23868775,2456288,23868775,2456288,0,0
20230602,2023060217,27175527,2905990,27175527,2905990,0,0
20230602,2023060218,30110443,3345189,30110443,3345189,0,0
20230602,2023060219,32119048,3672280,32119048,3672280,0,0
20230602,2023060220,33548661,3879299,33548661,3879299,0,0
20230602,2023060221,34652849,4009374,34652849,4009374,0,0
20230602,2023060222,35695366,4093118,35695366,4093118,0,0
20230602,2023060223,36555022,4145376,36555022,4145376,0,0
20230602,2023060224,37332194,4183821,37332194,4183821,0,0
20230603,2023060301,550517,24549,550517,24549,0,0
20230603,2023060302,889863,41297,889863,41297,0,0
20230603,2023060303,1061747,50831,1061747,50831,0,0
20230603,2023060304,1188072,54835,1188072,54835,0,0
20230603,2023060305,1252514,58563,1252514,58563,0,0
20230603,2023060306,1346002,64358,1346002,64358,0,0
20230603,2023060307,1542945,76887,1542945,76887,0,0
20230603,2023060308,2315864,119430,2315864,119430,0,0
20230603,2023060309,4283550,249096,4283550,249096,0,0
20230603,2023060310,6801654,462341,6801654,462341,0,0
20230603,2023060311,9331408,726661,9331408,726661,0,0
20230603,2023060312,11368677,956304,11368677,956304,0,0
20230603,2023060313,13044524,1131094,13044524,1131094,0,0
20230603,2023060314,14990958,1331153,14990958,1331153,0,0
20230603,2023060315,17285314,1577069,17285314,1577069,0,0
20230603,2023060316,19613530,1851833,19613530,1851833,0,0
20230603,2023060317,22117145,2172148,22117145,2172148,0,0
20230603,2023060318,24390976,2496254,24390976,2496254,0,0
20230603,2023060319,26048157,2732201,26048157,2732201,0,0
20230603,2023060320,27276421,2890511,27276421,2890511,0,0
20230603,2023060321,28370519,3019139,28370519,3019139,0,0
20230603,2023060322,29350029,3100223,29350029,3100223,0,0
20230603,2023060323,30273924,3164582,30273924,3164582,0,0
20230603,2023060324,31152407,3214639,31152407,3214639,0,0
20230604,2023060401,659695,32852,659695,32852,0,0
20230604,2023060402,1015556,51075,1015556,51075,0,0
20230604,2023060403,1193131,59811,1193131,59811,0,0
20230604,2023060404,1321667,63292,1321667,63292,0,0
20230604,2023060405,1395509,66593,1395509,66593,0,0
20230604,2023060406,1463790,70535,1463790,70535,0,0
20230604,2023060407,1651590,79091,1651590,79091,0,0
20230604,2023060408,2388292,118434,2388292,118434,0,0
20230604,2023060409,4299918,234088,4299918,234088,0,0
20230604,2023060410,6675715,433161,6675715,433161,0,0
20230604,2023060411,8899164,634845,8899164,634845,0,0
20230604,2023060412,10721062,833008,10721062,833008,0,0
20230604,2023060413,12267514,991423,12267514,991423,0,0
20230604,2023060414,14018644,1159858,14018644,1159858,0,0
20230604,2023060415,15970382,1356279,15970382,1356279,0,0
20230604,2023060416,17990120,1594406,17990120,1594406,0,0
20230604,2023060417,20100346,1847750,20100346,1847750,0,0
20230604,2023060418,21992151,2101369,21992151,2101369,0,0
20230604,2023060419,23437380,2304231,23437380,2304231,0,0
20230604,2023060420,24525808,2433797,24525808,2433797,0,0
20230604,2023060421,25387799,2521236,25387799,2521236,0,0
20230604,2023060422,26206806,2582803,26206806,2582803,0,0
20230604,2023060423,26909046,2615063,26909046,2615063,0,0
20230604,2023060424,27457154,2636652,27457154,2636652,0,0
20230605,2023060501,363387,14037,363387,14037,0,0
20230605,2023060502,579637,22671,579637,22671,0,0
20230605,2023060503,719155,28604,719155,28604,0,0
20230605,2023060504,814887,31570,814887,31570,0,0
20230605,2023060505,867971,34489,867971,34489,0,0
20230605,2023060506,936948,38092,936948,38092,0,0
20230605,2023060507,1092669,46869,1092669,46869,0,0
20230605,2023060508,1825014,75241,1825014,75241,0,0
20230605,2023060509,3975048,224471,3975048,224471,0,0
20230605,2023060510,6735239,488008,6735239,488008,0,0
20230605,2023060511,9514258,811017,9514258,811017,0,0
20230605,2023060512,11885919,1112865,11885919,1112865,0,0
20230605,2023060513,13629330,1309541,13629330,1309541,0,0
20230605,2023060514,15827030,1549160,15827030,1549160,0,0
20230605,2023060515,18618325,1894168,18618325,1894168,0,0
20230605,2023060516,21650231,2294660,21650231,2294660,0,0
20230605,2023060517,24971140,2759912,24971140,2759912,0,0
20230605,2023060518,27891410,3220854,27891410,3220854,0,0
20230605,2023060519,29913388,3549907,29913388,3549907,0,0
20230605,2023060520,31361561,3764772,31361561,3764772,0,0
20230605,2023060521,32473067,3895552,32473067,3895552,0,0
20230605,2023060522,33407519,3970883,33407519,3970883,0,0
20230605,2023060523,34171633,4012874,34171633,4012874,0,0
20230605,2023060524,34766771,4039592,34766771,4039592,0,0
20230606,2023060601,374215,14729,374215,14729,0,0
20230606,2023060602,607355,26613,607355,26613,0,0
20230606,2023060603,749198,33020,749198,33020,0,0
20230606,2023060604,840114,37100,840114,37100,0,0
20230606,2023060605,886464,40433,886464,40433,0,0
20230606,2023060606,967768,46926,967768,46926,0,0
20230606,2023060607,1137261,59025,1137261,59025,0,0
20230606,2023060608,1966587,99369,1966587,99369,0,0
20230606,2023060609,4168278,244701,4168278,244701,0,0
20230606,2023060610,6953914,518781,6953914,518781,0,0
20230606,2023060611,9684109,827310,9684109,827310,0,0
20230606,2023060612,12034899,1121584,12034899,1121584,0,0
20230606,2023060613,13745232,1313883,13745232,1313883,0,0
20230606,2023060614,15902089,1553601,15902089,1553601,0,0
20230606,2023060615,18620494,1883733,18620494,1883733,0,0
20230606,2023060616,21584639,2280997,21584639,2280997,0,0
20230606,2023060617,24857290,2749855,24857290,2749855,0,0
20230606,2023060618,27697820,3206426,27697820,3206426,0,0
20230606,2023060619,29669301,3531662,29669301,3531662,0,0
20230606,2023060620,31049463,3742826,31049463,3742826,0,0
20230606,2023060621,32086267,3859782,32086267,3859782,0,0
20230606,2023060622,32976739,3932845,32976739,3932845,0,0
20230606,2023060623,33710096,3979041,33710096,3979041,0,0
20230606,2023060624,34346171,4006863,34346171,4006863,0,0
20230607,2023060701,466965,29875,466965,29875,0,0
20230607,2023060702,706791,47284,706791,47284,0,0
20230607,2023060703,832388,57776,832388,57776,0,0
20230607,2023060704,918150,61907,918150,61907,0,0
20230607,2023060705,986527,65618,986527,65618,0,0
20230607,2023060706,1079798,72576,1079798,72576,0,0
20230607,2023060707,1259248,82721,1259248,82721,0,0
20230607,2023060708,2053875,125709,2053875,125709,0,0
20230607,2023060709,4186003,279036,4186003,279036,0,0
20230607,2023060710,6962001,548399,6962001,548399,0,0
20230607,2023060711,9670362,861160,9670362,861160,0,0
20230607,2023060712,11939663,1149844,11939663,1149844,0,0
20230607,2023060713,13603050,1350998,13603050,1350998,0,0
20230607,2023060714,15753876,1590950,15753876,1590950,0,0
20230607,2023060715,18463372,1922052,18463372,1922052,0,0
20230607,2023060716,21382760,2313703,21382760,2313703,0,0
20230607,2023060717,24524806,2768540,24524806,2768540,0,0
20230607,2023060718,27317023,3221228,27317023,3221228,0,0
20230607,2023060719,29242354,3548165,29242354,3548165,0,0
20230607,2023060720,30608123,3759127,30608123,3759127,0,0
20230607,2023060721,31650700,3878978,31650700,3878978,0,0
20230607,2023060722,32523911,3953266,32523911,3953266,0,0
20230607,2023060723,33269118,3998747,33269118,3998747,0,0
20230607,2023060724,33871579,4028408,33871579,4028408,0,0
20230608,2023060801,401090,17970,401090,17970,0,0
20230608,2023060802,628133,30840,628133,30840,0,0
20230608,2023060803,747161,36784,747161,36784,0,0
20230608,2023060804,823353,39902,823353,39902,0,0
20230608,2023060805,870808,42980,870808,42980,0,0
20230608,2023060806,944639,50071,944639,50071,0,0
20230608,2023060807,1125036,60874,1125036,60874,0,0
20230608,2023060808,1857282,99320,1857282,99320,0,0
20230608,2023060809,3892390,241694,3892390,241694,0,0
20230608,2023060810,6548956,501349,6548956,501349,0,0
20230608,2023060811,9225997,812675,9225997,812675,0,0
20230608,2023060812,11464915,1099387,11464915,1099387,0,0
20230608,2023060813,13118238,1282264,13118238,1282264,0,0
20230608,2023060814,15218762,1519466,15218762,1519466,0,0
20230608,2023060815,17891102,1845284,17891102,1845284,0,0
20230608,2023060816,20760131,2229435,20760131,2229435,0,0
20230608,2023060817,23877986,2671896,23877986,2671896,0,0
20230608,2023060818,26651833,3107127,26651833,3107127,0,0
20230608,2023060819,28596236,3426958,28596236,3426958,0,0
20230608,2023060820,29972387,3639129,29972387,3639129,0,0
20230608,2023060821,31014159,3761164,31014159,3761164,0,0
20230608,2023060822,31904203,3842462,31904203,3842462,0,0
20230608,2023060823,32658549,3886069,32658549,3886069,0,0
20230608,2023060824,33336533,3914784,33336533,3914784,0,0
20230609,2023060901,387165,17967,387165,17967,0,0
20230609,2023060902,612544,30693,612544,30693,0,0
20230609,2023060903,733037,37803,733037,37803,0,0
20230609,2023060904,823235,40755,823235,40755,0,0
20230609,2023060905,874695,43999,874695,43999,0,0
20230609,2023060906,950866,48971,950866,48971,0,0
20230609,2023060907,1126870,57963,1126870,57963,0,0
20230609,2023060908,1876236,96649,1876236,96649,0,0
20230609,2023060909,3870980,232180,3870980,232180,0,0
20230609,2023060910,6511988,486838,6511988,486838,0,0
20230609,2023060911,9260746,797896,9260746,797896,0,0
20230609,2023060912,11420745,1060438,11420745,1060438,0,0
20230609,2023060913,13050972,1243889,13050972,1243889,0,0
20230609,2023060914,15133209,1468841,15133209,1468841,0,0
20230609,2023060915,17772796,1777963,17772796,1777963,0,0
20230609,2023060916,20616026,2153672,20616026,2153672,0,0
20230609,2023060917,23722343,2587422,23722343,2587422,0,0
20230609,2023060918,26237377,2978187,26237377,2978187,0,0
20230609,2023060919,28346316,3334427,28346316,3334427,0,0
20230609,2023060920,29678419,3542059,29678419,3542059,0,0
20230609,2023060921,30705331,3669043,30705331,3669043,0,0
20230609,2023060922,31610715,3751817,31610715,3751817,0,0
20230609,2023060923,32378763,3796490,32378763,3796490,0,0
20230609,2023060924,33052346,3828999,33052346,3828999,0,0
20230610,2023061001,420219,24946,420219,24946,0,0
20230610,2023061002,664316,36413,664316,36413,0,0
20230610,2023061003,783708,41684,783708,41684,0,0
20230610,2023061004,864483,45270,864483,45270,0,0
20230610,2023061005,931433,48499,931433,48499,0,0
20230610,2023061006,1007939,52929,1007939,52929,0,0
20230610,2023061007,1176534,62882,1176534,62882,0,0
20230610,2023061008,1871568,99227,1871568,99227,0,0
20230610,2023061009,3697810,212893,3697810,212893,0,0
20230610,2023061010,5873973,404650,5873973,404650,0,0
20230610,2023061011,7992941,626382,7992941,626382,0,0
20230610,2023061012,9866008,849028,9866008,849028,0,0
20230610,2023061013,11406704,1013366,11406704,1013366,0,0
20230610,2023061014,13185545,1195985,13185545,1195985,0,0
20230610,2023061015,15272214,1430019,15272214,1430019,0,0
20230610,2023061016,17439873,1697239,17439873,1697239,0,0
20230610,2023061017,19733460,1999009,19733460,1999009,0,0
20230610,2023061018,21824164,2305430,21824164,2305430,0,0
20230610,2023061019,23392028,2529819,23392028,2529819,0,0
20230610,2023061020,24524675,2681407,24524675,2681407,0,0
20230610,2023061021,25399012,2772244,25399012,2772244,0,0
20230610,2023061022,26177868,2833199,26177868,2833199,0,0
20230610,2023061023,26877351,2871174,26877351,2871174,0,0
20230610,2023061024,27451633,2895194,27451633,2895194,0,0
20230611,2023061101,379627,18409,379627,18409,0,0
20230611,2023061102,614224,27353,614224,27353,0,0
20230611,2023061103,761391,32308,761391,32308,0,0
20230611,2023061104,844309,35161,844309,35161,0,0
20230611,2023061105,922120,37764,922120,37764,0,0
20230611,2023061106,999626,42368,999626,42368,0,0
20230611,2023061107,1152039,51641,1152039,51641,0,0
20230611,2023061108,1777480,85706,1777480,85706,0,0
20230611,2023061109,3439243,187111,3439243,187111,0,0
20230611,2023061110,5443177,362205,5443177,362205,0,0
20230611,2023061111,7411293,561946,7411293,561946,0,0
20230611,2023061112,9130872,767538,9130872,767538,0,0
20230611,2023061113,10618811,919367,10618811,919367,0,0
20230611,2023061114,12313780,1090087,12313780,1090087,0,0
20230611,2023061115,14212249,1291644,14212249,1291644,0,0
20230611,2023061116,16157310,1520959,16157310,1520959,0,0
20230611,2023061117,18224349,1781588,18224349,1781588,0,0
20230611,2023061118,20092537,2039163,20092537,2039163,0,0
20230611,2023061119,21529800,2235023,21529800,2235023,0,0
20230611,2023061120,22590123,2363660,22590123,2363660,0,0
20230611,2023061121,23503217,2439212,23503217,2439212,0,0
20230611,2023061122,24287247,2497171,24287247,2497171,0,0
20230611,2023061123,24999968,2529609,24999968,2529609,0,0
20230611,2023061124,25573885,2552384,25573885,2552384,0,0
20230612,2023061201,391204,21388,388909,13573,-2295,-7815
20230612,2023061202,606795,35516,605502,22851,-1293,-12665
20230612,2023061203,711212,42570,715129,27196,3917,-15374
20230612,2023061204,795308,48933,803290,31109,7982,-17824
20230612,2023061205,856679,54933,866287,34572,9608,-20361
20230612,2023061206,927619,62489,940536,39406,12917,-23083
20230612,2023061207,1099670,77670,1107700,47589,8030,-30081
20230612,2023061208,1784650,119575,1783977,79211,-673,-40364
20230612,2023061209,3847162,276897,3816001,225406,-31161,-51491
20230612,2023061210,6584991,553880,6552459,489868,-32532,-64012
20230612,2023061211,9386724,875227,9342133,810357,-44591,-64870
20230612,2023061212,11765301,1174565,11736232,1122314,-29069,-52251
20230612,2023061213,13527383,1370083,13494167,1321899,-33216,-48184
20230612,2023061214,15802918,1627434,15723904,1570597,-79014,-56837
20230612,2023061215,18656398,1973969,18566523,1918541,-89875,-55428
20230612,2023061216,21718392,2367009,21622665,2338891,-95727,-28118
20230612,2023061217,25055544,2790721,24954714,2818712,-100830,27991
20230612,2023061218,28028722,3174519,27951002,3297990,-77720,123471
20230612,2023061219,30030430,3421885,29978771,3635399,-51659,213514
20230612,2023061220,31448668,3579614,31411242,3858977,-37426,279363
20230612,2023061221,32542520,3683558,32512746,3987774,-29774,304216
20230612,2023061222,33458208,3757975,33432201,4067942,-26007,309967
20230612,2023061223,34238534,3806097,34216885,4109837,-21649,303740
20230612,2023061224,34843590,3838814,34828200,4136325,-15390,297511
20230613,2023061301,389691,26102,385509,15510,-4182,-10592
20230613,2023061302,594866,39728,595674,24724,808,-15004
20230613,2023061303,701808,48249,705446,29939,3638,-18310
20230613,2023061304,777655,53897,784177,33855,6522,-20042
20230613,2023061305,855423,58420,866787,36718,11364,-21702
20230613,2023061306,943616,68639,957404,42793,13788,-25846
20230613,2023061307,1147177,87857,1157446,54918,10269,-32939
20230613,2023061308,1904590,139028,1938571,97658,33981,-41370
20230613,2023061309,4062786,308592,4037805,250853,-24981,-57739
20230613,2023061310,6820755,607559,6787588,529783,-33167,-77776
20230613,2023061311,9493615,917907,9454037,845595,-39578,-72312
20230613,2023061312,11821824,1206580,11794791,1151052,-27033,-55528
20230613,2023061313,13562964,1407410,13528038,1352545,-34926,-54865
20230613,2023061314,15764148,1678961,15686907,1610061,-77241,-68900
20230613,2023061315,18537916,2036160,18452787,1963126,-85129,-73034
20230613,2023061316,21560853,2422850,21466870,2382044,-93983,-40806
20230613,2023061317,24824965,2852127,24725415,2868753,-99550,16626
20230613,2023061318,27696036,3238252,27620118,3345498,-75918,107246
20230613,2023061319,29657192,3491266,29607453,3687683,-49739,196417
20230613,2023061320,31041136,3646976,31005059,3908797,-36077,261821
20230613,2023061321,32096232,3750077,32066002,4038977,-30230,288900
20230613,2023061322,32980376,3820965,32954566,4119501,-25810,298536
20230613,2023061323,33736803,3870894,33714092,4165492,-22711,294598
20230613,2023061324,34353224,3906890,34335245,4193262,-17979,286372
20230614,2023061401,398496,26672,394609,15878,-3887,-10794
20230614,2023061402,609709,40409,610983,24830,1274,-15579
20230614,2023061403,717770,50015,724253,30869,6483,-19146
20230614,2023061404,798277,54332,807026,33528,8749,-20804
20230614,2023061405,863545,59580,873684,36583,10139,-22997
20230614,2023061406,953636,70862,962705,42436,9069,-28426
20230614,2023061407,1144475,88853,1148295,52648,3820,-36205
20230614,2023061408,1882238,138932,1909324,94457,27086,-44475
20230614,2023061409,3941316,305829,3912581,244676,-28735,-61153
20230614,2023061410,6623618,596274,6586333,513096,-37285,-83178
20230614,2023061411,9333447,916142,9294587,831751,-38860,-84391
20230614,2023061412,11652057,1203581,11623078,1134444,-28979,-69137
20230614,2023061413,13339494,1403619,13307980,1338248,-31514,-65371
20230614,2023061414,15569758,1680888,15494329,1596393,-75429,-84495
20230614,2023061415,18325727,2027056,18240688,1944974,-85039,-82082
20230614,2023061416,21295325,2409930,21201138,2358945,-94187,-50985
20230614,2023061417,24551142,2845094,24454326,2842564,-96816,-2530
20230614,2023061418,27407550,3230172,27334657,3320527,-72893,90355
20230614,2023061419,29389646,3478406,29337335,3663240,-52311,184834
20230614,2023061420,30793721,3643266,30754683,3891205,-39038,247939
20230614,2023061421,31851777,3757269,31820982,4027885,-30795,270616
20230614,2023061422,32699489,3829634,32674039,4107121,-25450,277487
20230614,2023061423,33394493,3877662,33374284,4149552,-20209,271890
20230614,2023061424,33935902,3912063,33922103,4175878,-13799,263815
20230615,2023061501,355699,24610,352872,14770,-2827,-9840
20230615,2023061502,560857,43103,560005,26980,-852,-16123
20230615,2023061503,679904,52073,684110,32774,4206,-19299
20230615,2023061504,775475,58958,779866,37135,4391,-21823
20230615,2023061505,843240,65635,851241,41393,8001,-24242
20230615,2023061506,932408,76767,943731,47415,11323,-29352
20230615,2023061507,1121900,96490,1126468,58483,4568,-38007
20230615,2023061508,1847748,149924,1876182,102193,28434,-47731
20230615,2023061509,3899178,322809,3864340,255793,-34838,-67016
20230615,2023061510,6588429,626903,6547733,532852,-40696,-94051
20230615,2023061511,9237255,952387,9198647,857515,-38608,-94872
20230615,2023061512,11491757,1251007,11463872,1168482,-27885,-82525
20230615,2023061513,13180718,1467585,13153103,1387799,-27615,-79786
20230615,2023061514,15343253,1743125,15268941,1644853,-74312,-98272
20230615,2023061515,18078064,2098132,17992886,1999527,-85178,-98605
20230615,2023061516,21048149,2487704,20951929,2419621,-96220,-68083
20230615,2023061517,24253671,2922109,24157086,2910287,-96585,-11822
20230615,2023061518,27107945,3314476,27033329,3391283,-74616,76807
20230615,2023061519,29068152,3568064,29017679,3743030,-50473,174966
20230615,2023061520,30477283,3733336,30444211,3976611,-33072,243275
20230615,2023061521,32791725,3931651,32726506,4224057,-65219,292406
20230615,2023061522,34995140,4082723,34939527,4389156,-55613,306433
20230615,2023061523,36950328,4210758,36898311,4525371,-52017,314613
20230615,2023061524,38604362,4300449,38558771,4612928,-45591,312479
20230616,2023061601,1271030,65715,1268764,60557,-2266,-5158
20230616,2023061602,1871326,95687,1887633,89751,16307,-5936
20230616,2023061603,2147269,111286,2173324,104334,26055,-6952
20230616,2023061604,2325347,120076,2352405,112064,27058,-8012
20230616,2023061605,2477006,129567,2506291,118800,29285,-10767
20230616,2023061606,2695275,147124,2730489,130699,35214,-16425
20230616,2023061607,3076496,176420,3097129,150559,20633,-25861
20230616,2023061608,4134446,257512,4140424,214197,5978,-43315
20230616,2023061609,6851783,486274,6797050,424068,-54733,-62206
20230616,2023061610,10498380,859123,10449295,770820,-49085,-88303
20230616,2023061611,13948119,1248462,13902880,1157166,-45239,-91296
20230616,2023061612,16803563,1582384,16775486,1508233,-28077,-74151
20230616,2023061613,18860631,1824084,18822178,1754758,-38453,-69326
20230616,2023061614,21626951,2138529,21535976,2059391,-90975,-79138
20230616,2023061615,24937380,2541152,24833031,2465499,-104349,-75653
20230616,2023061616,28426572,2979983,28320614,2936664,-105958,-43319
20230616,2023061617,32074311,3444590,31966145,3466741,-108166,22151
20230616,2023061618,35226491,3855038,35144755,3980246,-81736,125208
20230616,2023061619,37382510,4138278,37328592,4353317,-53918,215039
20230616,2023061620,38940813,4314786,38898169,4605720,-42644,290934
20230616,2023061621,40164208,4432604,40130046,4759840,-34162,327236
20230616,2023061622,41249172,4528256,41218966,4866850,-30206,338594
20230616,2023061623,42199620,4596171,42173585,4928467,-26035,332296
20230616,2023061624,42994858,4644155,42975321,4969254,-19537,325099
20230617,2023061701,570447,30547,554198,22868,-16249,-7679
20230617,2023061702,933857,52486,931128,39233,-2729,-13253
20230617,2023061703,1100791,68706,1103666,50274,2875,-18432
20230617,2023061704,1211545,80890,1218937,57594,7392,-23296
20230617,2023061705,1297055,86784,1305681,61565,8626,-25219
20230617,2023061706,1411116,97549,1418615,68847,7499,-28702
20230617,2023061707,1636781,120611,1642502,84475,5721,-36136
20230617,2023061708,2389406,177782,2415711,134383,26305,-43399
20230617,2023061709,4540735,349363,4518256,283640,-22479,-65723
20230617,2023061710,7191082,627823,7157025,545961,-34057,-81862
20230617,2023061711,9835499,909956,9801956,832170,-33543,-77786
20230617,2023061712,12071452,1170650,12044004,1110080,-27448,-60570
20230617,2023061713,13933666,1384107,13899860,1325163,-33806,-58944
20230617,2023061714,16192213,1627811,16115346,1561638,-76867,-66173
20230617,2023061715,18748326,1911778,18670985,1852453,-77341,-59325
20230617,2023061716,21364420,2223243,21283559,2193697,-80861,-29546
20230617,2023061717,24114832,2546421,24032415,2575527,-82417,29106
20230617,2023061718,26570354,2849344,26502436,2948452,-67918,99108
20230617,2023061719,28395436,3066851,28349753,3236420,-45683,169569
20230617,2023061720,29717503,3212395,29681147,3433568,-36356,221173
20230617,2023061721,30829808,3313729,30798805,3560406,-31003,246677
20230617,2023061722,31838963,3392026,31810180,3643560,-28783,251534
20230617,2023061723,32801784,3457602,32774914,3700540,-26870,242938
20230617,2023061724,33621830,3515046,33603331,3744427,-18499,229381
20230618,2023061801,752426,44790,750702,33102,-1724,-11688
20230618,2023061802,1182064,77222,1191294,61062,9230,-16160
20230618,2023061803,1418489,90638,1433258,72475,14769,-18163
20230618,2023061804,1554087,97211,1575876,77965,21789,-19246
20230618,2023061805,1642584,103273,1665540,82041,22956,-21232
20230618,2023061806,1756615,114115,1781637,89057,25022,-25058
20230618,2023061807,2030790,137841,2048760,103356,17970,-34485
20230618,2023061808,2834851,192897,2846249,144741,11398,-48156
20230618,2023061809,5056223,347616,5044426,284761,-11797,-62855
20230618,2023061810,7744119,591591,7726444,510373,-17675,-81218
20230618,2023061811,10423231,859826,10394497,773953,-28734,-85873
20230618,2023061812,12710859,1113618,12689630,1039690,-21229,-73928
20230618,2023061813,14697682,1315228,14656151,1243825,-41531,-71403
20230618,2023061814,17109760,1559530,17029644,1481146,-80116,-78384
20230618,2023061815,19712648,1834092,19637619,1758400,-75029,-75692
20230618,2023061816,22368143,2115384,22285813,2069376,-82330,-46008
20230618,2023061817,25164181,2413308,25084813,2417646,-79368,4338
20230618,2023061818,27631951,2685271,27561890,2759893,-70061,74622
20230618,2023061819,29496226,2887335,29447522,3028245,-48704,140910
20230618,2023061820,30951772,3026664,30912570,3221002,-39202,194338
20230618,2023061821,32305040,3134547,32267158,3363375,-37882,228828
20230618,2023061822,33571382,3218430,33535894,3458742,-35488,240312
20230618,2023061823,34930103,3286240,34894857,3530003,-35246,243763
20230618,2023061824,36242484,3348315,36203297,3592209,-39187,243894
20230619,2023061901,1109645,53107,1111048,47122,1403,-5985
20230619,2023061902,1648547,82282,1659304,72698,10757,-9584
20230619,2023061903,1879805,111135,1900312,98661,20507,-12474
20230619,2023061904,2021915,122333,2045589,108290,23674,-14043
20230619,2023061905,2122629,128593,2143740,112705,21111,-15888
20230619,2023061906,2241066,140599,2271467,123462,30401,-17137
20230619,2023061907,2521453,160185,2540753,134779,19300,-25406
20230619,2023061908,3483652,216677,3528774,183316,45122,-33361
20230619,2023061909,6214535,429796,6183761,373017,-30774,-56779
20230619,2023061910,9779644,779766,9741446,705165,-38198,-74601
20230619,2023061911,13296287,1170618,13252539,1091312,-43748,-79306
20230619,2023061912,16181321,1536803,16157985,1465258,-23336,-71545
20230619,2023061913,18255889,1798077,18219014,1732375,-36875,-65702
20230619,2023061914,20897466,2135709,20797959,2057390,-99507,-78319
20230619,2023061915,24174372,2562109,24072802,2487557,-101570,-74552
20230619,2023061916,27649586,3023142,27540018,2984227,-109568,-38915
20230619,2023061917,31373487,3526675,31263165,3552347,-110322,25672
20230619,2023061918,34647744,3990008,34560607,4113696,-87137,123688
20230619,2023061919,36919872,4302306,36861556,4528432,-58316,226126
20230619,2023061920,38564818,4509855,38521983,4819470,-42835,309615
20230619,2023061921,39797212,4656466,39760193,5001305,-37019,344839
20230619,2023061922,40800946,4752828,40771766,5115802,-29180,362974
20230619,2023061923,41634085,4814245,41610168,5177348,-23917,363103
20230619,2023061924,42301879,4858211,42285603,5217924,-16276,359713
20230620,2023062001,440381,31842,439121,22385,-1260,-9457
20230620,2023062002,683315,49073,688956,36186,5641,-12887
20230620,2023062003,846292,84844,855407,68534,9115,-16310
20230620,2023062004,954302,93922,967215,74292,12913,-19630
20230620,2023062005,1005884,100019,1019958,77861,14074,-22158
20230620,2023062006,1085837,111787,1098663,84674,12826,-27113
20230620,2023062007,1298120,130548,1308076,95967,9956,-34581
20230620,2023062008,2133087,190980,2165713,147769,32626,-43211
20230620,2023062009,4511478,392014,4483140,326005,-28338,-66009
20230620,2023062010,7564361,740001,7527520,649361,-36841,-90640
20230620,2023062011,10504004,1104895,10467832,1013989,-36172,-90906
20230620,2023062012,13033405,1442730,13004586,1364520,-28819,-78210
20230620,2023062013,14943565,1688607,14908914,1614674,-34651,-73933
20230620,2023062014,17404174,2018407,17316949,1928323,-87225,-90084
20230620,2023062015,20481418,2428715,20385814,2336535,-95604,-92180
20230620,2023062016,23739749,2862747,23636007,2804884,-103742,-57863
20230620,2023062017,27341611,3358774,27231219,3353155,-110392,-5619
20230620,2023062018,30509180,3802827,30424247,3888754,-84933,85927
20230620,2023062019,32747074,4104926,32686602,4289053,-60472,184127
20230620,2023062020,34335329,4309485,34293818,4572977,-41511,263492
20230620,2023062021,35584839,4451464,35552613,4764882,-32226,313418
20230620,2023062022,36630934,4545948,36600298,4880214,-30636,334266
20230620,2023062023,37522139,4613288,37497678,4955731,-24461,342443
20230620,2023062024,38294635,4665854,38272864,5009449,-21771,343595
20230621,2023062101,580295,44609,581021,38441,726,-6168
20230621,2023062102,876935,61817,878908,53801,1973,-8016
20230621,2023062103,1001419,76615,1014947,66463,13528,-10152
20230621,2023062104,1075088,87858,1091985,76090,16897,-11768
20230621,2023062105,1121837,94236,1139641,80069,17804,-14167
20230621,2023062106,1197939,104828,1214962,85491,17023,-19337
20230621,2023062107,1440065,124388,1452879,97313,12814,-27075
20230621,2023062108,2257160,178767,2295770,143741,38610,-35026
20230621,2023062109,4558537,361565,4532006,307737,-26531,-53828
20230621,2023062110,7461788,670284,7437908,596947,-23880,-73337
20230621,2023062111,10252510,988931,10221685,918302,-30825,-70629
20230621,2023062112,12570310,1287840,12553231,1228766,-17079,-59074
20230621,2023062113,14265316,1503613,14246494,1447081,-18822,-56532
20230621,2023062114,16437818,1781196,16363885,1709910,-73933,-71286
20230621,2023062115,19184085,2130028,19101615,2060552,-82470,-69476
20230621,2023062116,22088742,2514830,21998435,2476463,-90307,-38367
20230621,2023062117,25231038,2927479,25132949,2947168,-98089,19689
20230621,2023062118,28006745,3304472,27935332,3414632,-71413,110160
20230621,2023062119,29929403,3563913,29878686,3767202,-50717,203289
20230621,2023062120,31307423,3728610,31272873,4007225,-34550,278615
20230621,2023062121,32269962,3832209,32243429,4146247,-26533,314038
20230621,2023062122,32990620,3896919,32970627,4231624,-19993,334705
20230621,2023062123,33574217,3941285,33557217,4280776,-17000,339491
20230621,2023062124,34036138,3972537,34022107,4307514,-14031,334977
20230622,2023062201,288349,23496,286478,15686,-1871,-7810
20230622,2023062202,462975,37915,464186,25045,1211,-12870
20230622,2023062203,569045,51371,574179,32799,5134,-18572
20230622,2023062204,639780,58474,645572,37062,5792,-21412
20230622,2023062205,682703,64463,689355,40524,6652,-23939
20230622,2023062206,754832,75493,760727,46370,5895,-29123
20230622,2023062207,892859,89520,896232,54168,3373,-35352
20230622,2023062208,1503209,126351,1527660,87873,24451,-38478
20230622,2023062209,3035044,237524,3027673,184936,-7371,-52588
20230622,2023062210,4688191,400652,4675461,342026,-12730,-58626
20230622,2023062211,6314966,564381,6298169,514913,-16797,-49468
20230622,2023062212,7690803,721887,7676789,684887,-14014,-37000
20230622,2023062213,8856549,859108,8835158,823520,-21391,-35588
20230622,2023062214,10188543,1012800,10144857,973353,-43686,-39447
20230622,2023062215,11625493,1172248,11583391,1145764,-42102,-26484
20230622,2023062216,13090550,1343098,13046686,1337384,-43864,-5714
20230622,2023062217,14614306,1516995,14569986,1551561,-44320,34566
20230622,2023062218,15955559,1671828,15918834,1753405,-36725,81577
20230622,2023062219,16940393,1780904,16915604,1902513,-24789,121609
20230622,2023062220,17654745,1846953,17635135,1996644,-19610,149691
20230622,2023062221,18221413,1894547,18204331,2055338,-17082,160791
20230622,2023062222,18760564,1930674,18741805,2091766,-18759,161092
20230622,2023062223,19234041,1955950,19220468,2110778,-13573,154828
20230622,2023062224,19611482,1977149,19602270,2125771,-9212,148622
20230623,2023062301,267701,17770,265545,11190,-2156,-6580
20230623,2023062302,410641,26697,410954,17126,313,-9571
20230623,2023062303,493364,31964,495611,21206,2247,-10758
20230623,2023062304,569192,35477,574787,23401,5595,-12076
20230623,2023062305,609095,39380,614129,25309,5034,-14071
20230623,2023062306,670273,47567,676841,29911,6568,-17656
20230623,2023062307,792398,57880,798986,36127,6588,-21753
20230623,2023062308,1329576,88663,1352424,63113,22848,-25550
20230623,2023062309,2823235,194710,2809073,156836,-14162,-37874
20230623,2023062310,4608494,366441,4593802,318420,-14692,-48021
20230623,2023062311,6350676,546486,6328638,505421,-22038,-41065
20230623,2023062312,7837346,715863,7817477,687649,-19869,-28214
20230623,2023062313,9085940,850853,9058538,823660,-27402,-27193
20230623,2023062314,10553255,1015453,10503519,985389,-49736,-30064
20230623,2023062315,12239419,1207254,12188751,1188792,-50668,-18462
20230623,2023062316,13975975,1408510,13920018,1422877,-55957,14367
20230623,2023062317,15820450,1621925,15765145,1680457,-55305,58532
20230623,2023062318,17459542,1824927,17413267,1938244,-46275,113317
20230623,2023062319,18680501,1966470,18647452,2130447,-33049,163977
20230623,2023062320,19557124,2056942,19531885,2256588,-25239,199646
20230623,2023062321,20247887,2119375,20227858,2332890,-20029,213515
20230623,2023062322,20847704,2163436,20828857,2379372,-18847,215936
20230623,2023062323,21403755,2198051,21385902,2407416,-17853,209365
20230623,2023062324,21802046,2222331,21791182,2426039,-10864,203708
20230624,2023062401,272093,20658,269616,12635,-2477,-8023
20230624,2023062402,436978,34398,437305,22005,327,-12393
20230624,2023062403,531205,40128,535694,26975,4489,-13153
20230624,2023062404,593908,43302,600773,29167,6865,-14135
20230624,2023062405,648081,47934,655411,32050,7330,-15884
20230624,2023062406,703139,55750,713880,38105,10741,-17645
20230624,2023062407,822239,66851,829603,44907,7364,-21944
20230624,2023062408,1368448,95327,1393903,70404,25455,-24923
20230624,2023062409,2852504,197471,2833449,162118,-19055,-35353
20230624,2023062410,4622775,357091,4609572,318716,-13203,-38375
20230624,2023062411,6379150,536863,6360608,505648,-18542,-31215
20230624,2023062412,7896866,708542,7884036,690981,-12830,-17561
20230624,2023062413,9182353,843116,9159275,830654,-23078,-12462
20230624,2023062414,10733445,1008459,10682317,994119,-51128,-14340
20230624,2023062415,12530332,1205502,12477597,1202124,-52735,-3378
20230624,2023062416,14404549,1414494,14346136,1438693,-58413,24199
20230624,2023062417,16432237,1642739,16423888,1730772,-8349,88033
20230624,2023062418,18218713,1852982,18170271,1979053,-48442,126071
20230624,2023062419,19522083,2001523,19516606,2195547,-5477,194024
20230624,2023062420,20484813,2103621,20459237,2319166,-25576,215545
20230624,2023062421,21222975,2167984,21200576,2400806,-22399,232822
20230624,2023062422,21813792,2212448,21796792,2451813,-17000,239365
20230624,2023062423,22294343,2241841,22293075,2480287,-1268,238446
20230624,2023062424,22708187,2263274,22706230,2497890,-1957,234616
20230625,2023062501,270124,18976,273531,13067,3407,-5909
20230625,2023062502,426937,30943,432784,21356,5847,-9587
20230625,2023062503,512505,39784,519651,27253,7146,-12531
20230625,2023062504,566549,43995,575367,30421,8818,-13574
20230625,2023062505,634645,47073,644341,32256,9696,-14817
20230625,2023062506,691587,52803,702525,35598,10938,-17205
20230625,2023062507,822087,66681,834836,44801,12749,-21880
20230625,2023062508,1417870,98252,1444475,72319,26605,-25933
20230625,2023062509,3171729,224938,3205108,195850,33379,-29088
20230625,2023062510,5521740,461198,5562939,424694,41199,-36504
20230625,2023062511,7925481,732126,7959386,699708,33905,-32418
20230625,2023062512,9993007,978584,10018904,958976,25897,-19608
20230625,2023062513,11475643,1137905,11493416,1124148,17773,-13757
20230625,2023062514,13403854,1351958,13403408,1335715,-446,-16243
20230625,2023062515,15874050,1643701,15874213,1636668,163,-7033
20230625,2023062516,18534532,1976630,18534913,1997040,381,20410
20230625,2023062517,21446270,2339184,21446619,2411925,349,72741
20230625,2023062518,24002681,2672329,24002020,2820365,-661,148036
20230625,2023062519,25692011,2880816,25691282,3110481,-729,229665
20230625,2023062520,26867701,3013601,26866930,3296596,-771,282995
20230625,2023062521,27720413,3095096,27719375,3401018,-1038,305922
20230625,2023062522,28459671,3149347,28458052,3457182,-1619,307835
20230625,2023062523,29100455,3184813,29099705,3491595,-750,306782
20230625,2023062524,29570987,3211697,29569531,3512481,-1456,300784
20230626,2023062601,327216,22119,324538,13265,-2678,-8854
20230626,2023062602,499710,32934,486164,20004,-13546,-12930
20230626,2023062603,587023,42142,574242,25411,-12781,-16731
20230626,2023062604,640798,48628,630238,28803,-10560,-19825
20230626,2023062605,705756,55249,695575,32406,-10181,-22843
20230626,2023062606,775553,62899,766032,37038,-9521,-25861
20230626,2023062607,931931,75579,923796,44238,-8135,-31341
20230626,2023062608,1581686,112319,1587076,74746,5390,-37573
20230626,2023062609,3413010,260220,3426985,216243,13975,-43977
20230626,2023062610,5884332,521587,5896443,465499,12111,-56088
20230626,2023062611,8384014,809281,8407535,756130,23521,-53151
20230626,2023062612,10541005,1090915,10563411,1041664,22406,-49251
20230626,2023062613,12067444,1268891,12080119,1223831,12675,-45060
20230626,2023062614,14081094,1504291,14079470,1453206,-1624,-51085
20230626,2023062615,16682398,1831095,16680751,1781867,-1647,-49228
20230626,2023062616,19533947,2197971,19532792,2178669,-1155,-19302
20230626,2023062617,22634559,2611666,22633133,2652473,-1426,40807
20230626,2023062618,25383241,2990768,25380770,3108456,-2471,117688
20230626,2023062619,27194627,3240034,27191989,3437825,-2638,197791
20230626,2023062620,28454529,3387577,28451812,3643814,-2717,256237
20230626,2023062621,29390692,3483169,29387784,3764781,-2908,281612
20230626,2023062622,30148114,3540900,30145486,3833435,-2628,292535
20230626,2023062623,30760738,3581488,30756358,3871088,-4380,289600
20230626,2023062624,31216168,3611834,31213020,3894257,-3148,282423
20230627,2023062701,294262,21271,298917,13668,4655,-7603
20230627,2023062702,462901,33375,469966,21482,7065,-11893
20230627,2023062703,546896,38547,555311,25650,8415,-12897
20230627,2023062704,604739,42554,615403,28457,10664,-14097
20230627,2023062705,659517,46401,670764,30410,11247,-15991
20230627,2023062706,746741,54954,758851,34635,12110,-20319
20230627,2023062707,906628,68359,920402,43005,13774,-25354
20230627,2023062708,1577139,107799,1602392,73934,25253,-33865
20230627,2023062709,3436966,256331,3474005,216615,37039,-39716
20230627,2023062710,5919827,523672,5961975,468236,42148,-55436
20230627,2023062711,8351032,808397,8386458,757205,35426,-51192
20230627,2023062712,10418849,1069634,10445469,1027331,26620,-42303
20230627,2023062713,11898258,1253505,11915316,1209845,17058,-43660
20230627,2023062714,13883086,1484904,13881802,1435591,-1284,-49313
20230627,2023062715,16412169,1792966,16411261,1748896,-908,-44070
20230627,2023062716,19198491,2144321,19197767,2131716,-724,-12605
20230627,2023062717,22253912,2540155,22252724,2583566,-1188,43411
20230627,2023062718,24979160,2911369,24977427,3033730,-1733,122361
20230627,2023062719,26808661,3155218,26806225,3355253,-2436,200035
20230627,2023062720,28049109,3300681,28046422,3559278,-2687,258597
20230627,2023062721,28961714,3395897,28960150,3678474,-1564,282577
20230627,2023062722,29716718,3452304,29714174,3748779,-2544,296475
20230627,2023062723,30302998,3490891,30300710,3785053,-2288,294162
20230627,2023062724,30758791,3516814,30755782,3805042,-3009,288228
20230628,2023062801,305185,20655,294829,12238,-10356,-8417
20230628,2023062802,474682,29691,466279,18369,-8403,-11322
20230628,2023062803,564615,37397,557376,22812,-7239,-14585
20230628,2023062804,655712,41731,650304,25609,-5408,-16122
20230628,2023062805,699748,45637,694948,27768,-4800,-17869
20230628,2023062806,766008,56369,762079,34106,-3929,-22263
20230628,2023062807,924421,69184,921840,41580,-2581,-27604
20230628,2023062808,1597248,109916,1607753,74323,10505,-35593
20230628,2023062809,3411518,254707,3432665,213262,21147,-41445
20230628,2023062810,5870693,511877,5908631,458440,37938,-53437
20230628,2023062811,8250929,792756,8278657,738287,27728,-54469
20230628,2023062812,10339196,1038386,10360009,996442,20813,-41944
20230628,2023062813,11829398,1220358,11841250,1176846,11852,-43512
20230628,2023062814,13780823,1451978,13779553,1402119,-1270,-49859
20230628,2023062815,16275082,1758172,16274325,1710868,-757,-47304
20230628,2023062816,19011051,2100339,19010699,2083933,-352,-16406
20230628,2023062817,21992799,2485802,21991850,2522744,-949,36942
20230628,2023062818,24656492,2843380,24655091,2955364,-1401,111984
20230628,2023062819,26434104,3071327,26432376,3262155,-1728,190828
20230628,2023062820,27642774,3211480,27641055,3455635,-1719,244155
20230628,2023062821,28521716,3299000,28519431,3566239,-2285,267239
20230628,2023062822,29231258,3357295,29229329,3635212,-1929,277917
20230628,2023062823,29847665,3396525,29846893,3671230,-772,274705
20230628,2023062824,30347412,3422338,30345041,3691870,-2371,269532
20230629,2023062901,308708,22149,313405,14002,4697,-8147
20230629,2023062902,490397,32844,497059,21248,6662,-11596
20230629,2023062903,571595,38639,579356,25252,7761,-13387
20230629,2023062904,630129,42115,639062,27297,8933,-14818
20230629,2023062905,705563,45749,714678,29299,9115,-16450
20230629,2023062906,772452,55136,782322,34481,9870,-20655
20230629,2023062907,922790,70046,934075,43715,11285,-26331
20230629,2023062908,1600211,106474,1624518,73978,24307,-32496
20230629,2023062909,3338026,240752,3372320,206092,34294,-34660
20230629,2023062910,5776529,490497,5815228,442589,38699,-47908
20230629,2023062911,8131964,758588,8165178,713473,33214,-45115
20230629,2023062912,10214544,1003354,10239994,969099,25450,-34255
20230629,2023062913,11659871,1160799,11676099,1131503,16228,-29296
20230629,2023062914,13595414,1376164,13594420,1340454,-994,-35710
20230629,2023062915,16015315,1661845,16014677,1630471,-638,-31374
20230629,2023062916,18686356,1990529,18685832,1986364,-524,-4165
20230629,2023062917,21590184,2351448,21589458,2399184,-726,47736
20230629,2023062918,24154904,2677943,24153541,2804953,-1363,127010
20230629,2023062919,25895270,2891482,25893610,3092692,-1660,201210
20230629,2023062920,27108304,3023420,27106574,3275286,-1730,251866
20230629,2023062921,27993461,3110156,27991131,3382833,-2330,272677
20230629,2023062922,28707219,3165602,28705520,3446142,-1699,280540
20230629,2023062923,29312330,3197790,29310651,3479811,-1679,282021
20230629,2023062924,29768296,3221171,29766016,3499381,-2280,278210
20230630,2023063001,310382,22616,313182,13813,2800,-8803
20230630,2023063002,465736,29822,471321,18945,5585,-10877
20230630,2023063003,551650,34965,558102,22647,6452,-12318
20230630,2023063004,603003,38620,611369,24897,8366,-13723
20230630,2023063005,664350,42955,673028,27422,8678,-15533
20230630,2023063006,747967,51900,757367,32318,9400,-19582
20230630,2023063007,910425,66735,921028,41364,10603,-25371
20230630,2023063008,1607582,104683,1632242,71795,24660,-32888
20230630,2023063009,3314093,243018,3355970,202521,41877,-40497
20230630,2023063010,5648076,476994,5685170,424084,37094,-52910
20230630,2023063011,7965794,739055,7990738,683435,24944,-55620
20230630,2023063012,9940572,966694,9961762,923652,21190,-43042
20230630,2023063013,11371460,1122548,11383992,1082068,12532,-40480
20230630,2023063014,13257137,1324051,13256854,1279821,-283,-44230
20230630,2023063015,15599772,1592421,15599473,1555164,-299,-37257
20230630,2023063016,18163341,1892405,18163593,1888638,252,-3767
20230630,2023063017,20912478,2223952,20911842,2276069,-636,52117
20230630,2023063018,23361963,2540152,23361322,2664504,-641,124352
20230630,2023063019,25047177,2749650,25046142,2942962,-1035,193312
20230630,2023063020,26169293,2871204,26168138,3117616,-1155,246412
20230630,2023063021,26965117,2948568,26963405,3217764,-1712,269196
20230630,2023063022,27619074,2996286,27618088,3278039,-986,281753
20230630,2023063023,28168371,3029111,28167277,3309727,-1094,280616
20230630,2023063024,28609758,3051923,28608128,3328147,-1630,276224
20230701,2023070101,302297,20089,304002,13160,1705,-6929
20230701,2023070102,463922,28492,467388,18794,3466,-9698
20230701,2023070103,551144,32826,555960,21749,4816,-11077
20230701,2023070104,611842,36971,618172,25037,6330,-11934
20230701,2023070105,682703,38067,689582,25610,6879,-12457
20230701,2023070106,744769,39550,752479,26634,7710,-12916
20230701,2023070107,864810,41131,873755,27583,8945,-13548
20230701,2023070108,1525955,48118,1550393,33167,24438,-14951
20230701,2023070109,3001065,74334,3036237,56003,35172,-18331
20230701,2023070110,4957806,122054,4994750,89658,36944,-32396
20230701,2023070111,6856710,167915,6887646,122198,30936,-45717
20230701,2023070112,8541191,211530,8565601,157840,24410,-53690
20230701,2023070113,9859973,241418,9874797,185648,14824,-55770
20230701,2023070114,11454660,277267,11453887,218866,-773,-58401
20230701,2023070115,13256705,321908,13256087,255260,-618,-66648
20230701,2023070116,15141309,358168,15140916,288464,-393,-69704
20230701,2023070117,17208956,400918,17207056,330470,-1900,-70448
20230701,2023070118,19071389,438752,19069050,374641,-2339,-64111
20230701,2023070119,20450413,468887,20447951,415254,-2462,-53633
20230701,2023070120,21403358,487800,21400752,442296,-2606,-45504
20230701,2023070121,22118497,501128,22115467,463419,-3030,-37709
20230701,2023070122,22731144,511908,22728444,477490,-2700,-34418
20230701,2023070123,23278081,518183,23275574,483866,-2507,-34317
20230701,2023070124,23723326,522023,23720260,486768,-3066,-35255
20230702,2023070201,302639,5472,305335,2421,2696,-3051
20230702,2023070202,472384,8867,477416,3925,5032,-4942
20230702,2023070203,555931,11120,561611,4875,5680,-6245
20230702,2023070204,602031,15564,608292,7721,6261,-7843
20230702,2023070205,677538,19313,684493,10066,6955,-9247
20230702,2023070206,736507,26357,744188,14456,7681,-11901
20230702,2023070207,864766,37469,873814,20800,9048,-16669
20230702,2023070208,1510285,64481,1534008,43461,23723,-21020
20230702,2023070209,2836985,155756,2867811,131162,30826,-24594
20230702,2023070210,4591290,300422,4627289,273227,35999,-27195
20230702,2023070211,6272168,471646,6298336,441273,26168,-30373
20230702,2023070212,7756858,609581,7780932,592695,24074,-16886
20230702,2023070213,8975631,724230,8991548,716032,15917,-8198
20230702,2023070214,10449118,860622,10449494,851958,376,-8664
20230702,2023070215,12080338,1022810,12080466,1018085,128,-4725
20230702,2023070216,13783908,1187404,13784048,1208500,140,21096
20230702,2023070217,15600295,1368115,15600071,1430513,-224,62398
20230702,2023070218,17251141,1548647,17251014,1654228,-127,105581
20230702,2023070219,18476675,1683089,18476081,1825152,-594,142063
20230702,2023070220,19348428,1762173,19347870,1931543,-558,169370
20230702,2023070221,20066352,1813758,20066144,1994379,-208,180621
20230702,2023070222,20716030,1851553,20715368,2030860,-662,179307
20230702,2023070223,21269837,1877839,21269519,2053433,-318,175594
20230702,2023070224,21709327,1900353,21708182,2070235,-1145,169882
20230703,2023070301,320047,18512,323008,11793,2961,-6719
20230703,2023070302,496851,27458,501964,18000,5113,-9458
20230703,2023070303,585228,31359,590771,20888,5543,-10471
20230703,2023070304,639631,35495,645879,23505,6248,-11990
20230703,2023070305,704744,39151,711629,25703,6885,-13448
20230703,2023070306,786671,45122,794183,29608,7512,-15514
20230703,2023070307,941530,55651,950160,35305,8630,-20346
20230703,2023070308,1634417,86161,1657993,61756,23576,-24405
20230703,2023070309,3317810,213193,3352962,183955,35152,-29238
20230703,2023070310,5735113,451530,5771824,407728,36711,-43802
20230703,2023070311,8135162,719105,8162673,675047,27511,-44058
20230703,2023070312,10212341,960661,10235781,926626,23440,-34035
20230703,2023070313,11665392,1112327,11681124,1083652,15732,-28675
20230703,2023070314,13643169,1325061,13643091,1292751,-78,-32310
20230703,2023070315,16146168,1615951,16146204,1587340,36,-28611
20230703,2023070316,18877927,1946612,18878109,1950293,182,3681
20230703,2023070317,21874137,2318049,21874120,2373343,-17,55294
20230703,2023070318,24541528,2661098,24540864,2793249,-664,132151
20230703,2023070319,26338536,2896672,26337635,3096328,-901,199656
20230703,2023070320,27575542,3043842,27574656,3292662,-886,248820
20230703,2023070321,28480819,3143735,28479409,3407767,-1410,264032
20230703,2023070322,29258548,3206058,29257671,3474563,-877,268505
20230703,2023070323,29875537,3248758,29874630,3509766,-907,261008
20230703,2023070324,30340633,3274954,30339031,3530196,-1602,255242
20230704,2023070401,290732,16760,294017,11052,3285,-5708
20230704,2023070402,452503,24278,455857,15993,3354,-8285
20230704,2023070403,539431,30135,544773,19501,5342,-10634
20230704,2023070404,593230,34477,600216,22347,6986,-12130
20230704,2023070405,667372,38459,674918,24677,7546,-13782
20230704,2023070406,734216,45231,742369,28240,8153,-16991
20230704,2023070407,868404,56701,877909,35231,9505,-21470
20230704,2023070408,1609026,88243,1634979,61550,25953,-26693
20230704,2023070409,3354179,223315,3389506,192246,35327,-31069
20230704,2023070410,5803720,448176,5843250,414765,39530,-33411
20230704,2023070411,8194957,706846,8225256,677697,30299,-29149
20230704,2023070412,10264298,945570,10288614,924577,24316,-20993
20230704,2023070413,11694868,1099036,11710454,1083084,15586,-15952
20230704,2023070414,13646547,1316432,13646174,1293102,-373,-23330
20230704,2023070415,16093916,1594203,16093475,1577060,-441,-17143
20230704,2023070416,18793050,1923315,18792773,1932003,-277,8688
20230704,2023070417,21749219,2296230,21748785,2356137,-434,59907
20230704,2023070418,24369539,2657761,24368450,2782461,-1089,124700
20230704,2023070419,26134853,2892082,26133326,3086567,-1527,194485
20230704,2023070420,27343893,3025956,27342355,3276393,-1538,250437
20230704,2023070421,28219793,3106686,28217616,3383522,-2177,276836
20230704,2023070422,28939376,3159921,28937849,3448140,-1527,288219
20230704,2023070423,29541294,3192859,29539802,3487708,-1492,294849
20230704,2023070424,30032819,3221894,30030723,3508215,-2096,286321
20230705,2023070501,295735,20250,299652,13048,3917,-7202
20230705,2023070502,473963,29750,479642,19546,5679,-10204
20230705,2023070503,551387,35510,558280,23692,6893,-11818
20230705,2023070504,605626,39608,613847,26759,8221,-12849
20230705,2023070505,689652,43726,698312,29282,8660,-14444
20230705,2023070506,754958,52422,764287,34564,9329,-17858
20230705,2023070507,901121,62472,911898,40322,10777,-22150
20230705,2023070508,1632781,93640,1659298,67685,26517,-25955
20230705,2023070509,3324379,228326,3357910,200132,33531,-28194
20230705,2023070510,5788738,455855,5826786,423217,38048,-32638
20230705,2023070511,8166192,720659,8196599,685576,30407,-35083
20230705,2023070512,10297435,971914,10322760,938458,25325,-33456
20230705,2023070513,11769622,1131984,11784707,1097223,15085,-34761
20230705,2023070514,13732465,1355377,13731953,1311808,-512,-43569
20230705,2023070515,16169328,1627077,16167992,1599385,-1336,-27692
20230705,2023070516,18872682,1945594,18872166,1960351,-516,14757
20230705,2023070517,21812625,2303928,21811673,2375174,-952,71246
20230705,2023070518,24428989,2632519,24427470,2781440,-1519,148921
20230705,2023070519,26224239,2845176,26222265,3067974,-1974,222798
20230705,2023070520,27475988,2980295,27474031,3252640,-1957,272345
20230705,2023070521,28367298,3059714,28364737,3357763,-2561,298049
20230705,2023070522,29126368,3111278,29125608,3420130,-760,308852
20230705,2023070523,29760425,3147342,29758528,3453774,-1897,306432
20230705,2023070524,30255944,3173717,30253386,3474049,-2558,300332
20230706,2023070601,316983,17199,320921,11018,3938,-6181
20230706,2023070602,493303,25476,499539,16675,6236,-8801
20230706,2023070603,577409,30990,584327,20541,6918,-10449
20230706,2023070604,631067,35627,639366,23518,8299,-12109
20230706,2023070605,690172,39827,698874,25971,8702,-13856
20230706,2023070606,777051,46908,786416,29654,9365,-17254
20230706,2023070607,944760,59185,955568,37687,10808,-21498
20230706,2023070608,1705247,92487,1734620,66410,29373,-26077
20230706,2023070609,3409306,224477,3450434,195894,41128,-28583
20230706,2023070610,5815146,459734,5856714,423942,41568,-35792
20230706,2023070611,8196703,704836,8229381,675167,32678,-29669
20230706,2023070612,10302089,928454,10329607,907414,27518,-21040
20230706,2023070613,11767411,1083140,11783162,1061313,15751,-21827
20230706,2023070614,13679627,1287596,13679755,1262110,128,-25486
20230706,2023070615,16073910,1563054,16073455,1542359,-455,-20695
20230706,2023070616,18731683,1880406,18731539,1882123,-144,1717
20230706,2023070617,21611524,2231511,21611014,2280076,-510,48565
20230706,2023070618,24181157,2554513,24180022,2677085,-1135,122572
20230706,2023070619,25931814,2761420,25930321,2951426,-1493,190006
20230706,2023070620,27109386,2884451,27107818,3125687,-1568,241236
20230706,2023070621,27956758,2962368,27954464,3228756,-2294,266388
20230706,2023070622,28666741,3015923,28665377,3292830,-1364,276907
20230706,2023070623,29256138,3049521,29254701,3324623,-1437,275102
20230706,2023070624,29747712,3075743,29745469,3346110,-2243,270367
20230707,2023070701,327650,20210,332122,12115,4472,-8095
20230707,2023070702,508817,29896,515443,18262,6626,-11634
20230707,2023070703,600029,36597,607558,22754,7529,-13843
20230707,2023070704,655335,40876,664038,25446,8703,-15430
20230707,2023070705,738017,45127,747068,27688,9051,-17439
20230707,2023070706,805535,52318,815219,31111,9684,-21207
20230707,2023070707,952806,63807,964108,37724,11302,-26083
20230707,2023070708,1689987,99274,1718440,64496,28453,-34778
20230707,2023070709,3309991,239671,3343563,187255,33572,-52416
20230707,2023070710,5709670,491156,5744843,401132,35173,-90024
20230707,2023070711,8011162,770941,8042872,648171,31710,-122770
20230707,2023070712,10009091,1011901,10032088,866545,22997,-145356
20230707,2023070713,11387327,1175197,11402759,1012704,15432,-162493
20230707,2023070714,13301091,1400864,13300336,1210158,-755,-190706
20230707,2023070715,15657342,1505386,15656245,1480828,-1097,-24558
20230707,2023070716,18266130,1801823,18265666,1807583,-464,5760
20230707,2023070717,21067918,2135705,21067142,2188789,-776,53084
20230707,2023070718,23614062,2442214,23612696,2573596,-1366,131382
20230707,2023070719,25315481,2637070,25313695,2845214,-1786,208144
20230707,2023070720,26442872,2757316,26441016,3013138,-1856,255822
20230707,2023070721,27244839,2831390,27242505,3108720,-2334,277330
20230707,2023070722,27920880,2878247,27920186,3166934,-694,288687
20230707,2023070723,28495933,2909876,28494226,3196774,-1707,286898
20230707,2023070724,28920247,2929956,28917950,3216012,-2297,286056
20230708,2023070801,286545,19033,290032,11975,3487,-7058
20230708,2023070802,452683,26549,458363,17076,5680,-9473
20230708,2023070803,544136,32518,550452,21174,6316,-11344
20230708,2023070804,597949,36444,605836,23834,7887,-12610
20230708,2023070805,674495,40301,682993,26234,8498,-14067
20230708,2023070806,740373,46138,749685,29537,9312,-16601
20230708,2023070807,889020,56244,899536,35542,10516,-20702
20230708,2023070808,1587612,85327,1615424,61548,27812,-23779
20230708,2023070809,2977659,183893,3012786,160511,35127,-23382
20230708,2023070810,4910337,372159,4947017,332893,36680,-39266
20230708,2023070811,6745012,534538,6772126,505808,27114,-28730
20230708,2023070812,8401095,689569,8422118,671739,21023,-17830
20230708,2023070813,9658973,808628,9672532,795072,13559,-13556
20230708,2023070814,11241126,965573,11239911,947660,-1215,-17913
20230708,2023070815,13002977,1132219,13002001,1130641,-976,-1578
20230708,2023070816,14872758,1320686,14872315,1345691,-443,25005
20230708,2023070817,16882382,1534618,16881725,1601656,-657,67038
20230708,2023070818,18727503,1736050,18726852,1857775,-651,121725
20230708,2023070819,20073929,1875657,20073025,2049635,-904,173978
20230708,2023070820,21021602,1969071,21020538,2173537,-1064,204466
20230708,2023070821,21730614,2025292,21729005,2253336,-1609,228044
20230708,2023070822,22341795,2073221,22340691,2308720,-1104,235499
20230708,2023070823,22873544,2102304,22872692,2335213,-852,232909
20230708,2023070824,23324047,2123253,23322544,2353878,-1503,230625
20230709,2023070901,314338,19924,311746,12627,-2592,-7297
20230709,2023070902,494758,31915,494714,19864,-44,-12051
20230709,2023070903,613447,40780,614549,24686,1102,-16094
20230709,2023070904,707658,45983,709259,28218,1601,-17765
20230709,2023070905,773230,49559,775360,30483,2130,-19076
20230709,2023070906,833011,55762,835996,34103,2985,-21659
20230709,2023070907,968539,65960,972864,40151,4325,-25809
20230709,2023070908,1616855,90825,1637507,63414,20652,-27411
20230709,2023070909,2933315,182560,2958235,154892,24920,-27668
20230709,2023070910,4685861,316524,4717419,289163,31558,-27361
20230709,2023070911,6345891,453333,6372222,436777,26331,-16556
20230709,2023070912,7837982,588659,7857232,580998,19250,-7661
20230709,2023070913,9040837,697644,9052268,696803,11431,-841
20230709,2023070914,10495851,831715,10496036,830447,185,-1268
20230709,2023070915,12089037,973105,12088994,982700,-43,9595
20230709,2023070916,13740401,1122204,13741035,1159828,634,37624
20230709,2023070917,15527587,1297888,15528036,1371597,449,73709
20230709,2023070918,17156924,1460224,17156814,1583463,-110,123239
20230709,2023070919,18378029,1580199,18377818,1742900,-211,162701
20230709,2023070920,19260863,1654414,19260616,1844745,-247,190331
20230709,2023070921,19961553,1704827,19960730,1909243,-823,204416
20230709,2023070922,20583472,1742181,20583394,1946603,-78,204422
20230709,2023070923,21124595,1770518,21124596,1969651,1,199133
20230709,2023070924,21621262,1795166,21620517,1988439,-745,193273
20230710,2023071001,293186,18890,296895,12611,3709,-6279
20230710,2023071002,463180,28048,467644,18942,4464,-9106
20230710,2023071003,560378,36005,566830,24195,6452,-11810
20230710,2023071004,620745,42889,628222,28569,7477,-14320
20230710,2023071005,690932,50429,698916,33160,7984,-17269
20230710,2023071006,748241,59466,756911,38921,8670,-20545
20230710,2023071007,900358,73911,909672,47378,9314,-26533
20230710,2023071008,1659252,108970,1685768,76488,26516,-32482
20230710,2023071009,3301328,237333,3334697,203156,33369,-34177
20230710,2023071010,5710715,464222,5742791,424366,32076,-39856
20230710,2023071011,8137602,717336,8163199,681522,25597,-35814
20230710,2023071012,10317163,949470,10339746,921780,22583,-27690
20230710,2023071013,11803078,1100596,11818312,1077130,15234,-23466
20230710,2023071014,13817968,1309375,13818231,1279880,263,-29495
20230710,2023071015,16319788,1595014,16319635,1566616,-153,-28398
20230710,2023071016,19075971,1915687,19075041,1917088,-930,1401
20230710,2023071017,22069580,2277686,22069353,2332541,-227,54855
20230710,2023071018,24744810,2609175,24744728,2740071,-82,130896
20230710,2023071019,26563657,2817472,26563008,3025727,-649,208255
20230710,2023071020,27823976,2960782,27823192,3211511,-784,250729
20230710,2023071021,28749336,3051792,28747940,3319484,-1396,267692
20230710,2023071022,29508399,3118287,29507795,3382237,-604,263950
20230710,2023071023,30199900,3153460,30199749,3413192,-151,259732
20230710,2023071024,30725217,3175256,30724027,3433153,-1190,257897
20230711,2023071101,329576,18684,334224,12333,4648,-6351
20230711,2023071102,516058,29668,523181,18720,7123,-10948
20230711,2023071103,613041,34606,621054,22181,8013,-12425
20230711,2023071104,688105,38272,697793,24083,9688,-14189
20230711,2023071105,750288,42495,760641,26586,10353,-15909
20230711,2023071106,815931,52092,827047,31987,11116,-20105
20230711,2023071107,974523,63132,986780,38876,12257,-24256
20230711,2023071108,1777825,97301,1807387,67443,29562,-29858
20230711,2023071109,3423328,225955,3461025,196365,37697,-29590
20230711,2023071110,5917172,461033,5955472,424464,38300,-36569
20230711,2023071111,8327495,708096,8360210,677469,32715,-30627
20230711,2023071112,10381104,931382,10409107,907598,28003,-23784
20230711,2023071113,11803238,1082587,11820192,1060791,16954,-21796
20230711,2023071114,13719279,1288002,13719517,1261308,238,-26694
20230711,2023071115,16133436,1565979,16133450,1542231,14,-23748
20230711,2023071116,18824255,1878687,18824313,1882577,58,3890
20230711,2023071117,21743080,2234860,21742612,2286493,-468,51633
20230711,2023071118,24364669,2566558,24364039,2692147,-630,125589
20230711,2023071119,26124892,2776440,26123936,2975141,-956,198701
20230711,2023071120,27321307,2898080,27320329,3151213,-978,253133
20230711,2023071121,28216810,2979844,28215100,3255022,-1710,275178
20230711,2023071122,28959733,3030560,28958751,3316409,-982,285849
20230711,2023071123,29617923,3065229,29617605,3346039,-318,280810
20230711,2023071124,30133551,3088397,30131959,3364325,-1592,275928
20230712,2023071201,324337,17743,328507,10692,4170,-7051
20230712,2023071202,503332,28644,509964,17423,6632,-11221
20230712,2023071203,609741,38135,617110,22901,7369,-15234
20230712,2023071204,704691,43523,714007,26423,9316,-17100
20230712,2023071205,765689,48588,775490,28945,9801,-19643
20230712,2023071206,829150,55631,839607,32967,10457,-22664
20230712,2023071207,981439,66244,991421,38927,9982,-27317
20230712,2023071208,1760228,102227,1790841,69217,30613,-33010
20230712,2023071209,3351988,228559,3388668,192776,36680,-35783
20230712,2023071210,5713410,453707,5750402,410683,36992,-43024
20230712,2023071211,8011265,698299,8041039,657735,29774,-40564
20230712,2023071212,10038855,931307,10060536,895196,21681,-36111
20230712,2023071213,11413122,1074309,11425718,1043047,12596,-31262
20230712,2023071214,13289370,1274258,13289083,1239001,-287,-35257
20230712,2023071215,13289373,1274263,15629908,1516679,2340535,242416
20230712,2023071216,13289373,1274263,18211594,1850179,4922221,575916
20230712,2023071217,13289373,1274263,21054540,2249744,7765167,975481
20230712,2023071218,13289373,1274264,23568603,2644734,1.03E+07,1370470
20230712,2023071219,13289373,1274264,25267817,2918237,1.20E+07,1643973
20230712,2023071220,13289373,1274264,26432465,3089068,1.31E+07,1814804
20230712,2023071221,13289373,1274264,27388436,3195690,1.41E+07,1921426
20230712,2023071222,13289373,1274264,28251731,3264754,1.50E+07,1990490
20230712,2023071223,13289373,1274264,28964132,3306397,1.57E+07,2032133
20230712,2023071224,13289373,1274264,29498699,3333650,1.62E+07,2059386
20230713,2023071301,384129,26498,384631,17265,502,-9233
20230713,2023071302,602831,37906,603445,24432,614,-13474
20230713,2023071303,760364,44987,761002,28671,638,-16316
20230713,2023071304,876904,49803,877161,32084,257,-17719
20230713,2023071305,924471,54032,924847,34305,376,-19727
20230713,2023071306,995740,61339,996219,38218,479,-23121
20230713,2023071307,1158650,75954,1159073,46401,423,-29553
20230713,2023071308,2001442,115511,2001456,77113,14,-38398
20230713,2023071309,3701745,253086,3702592,208334,847,-44752
20230713,2023071310,6262283,516874,6262373,444325,90,-72549
20230713,2023071311,8659185,796347,8658718,707939,-467,-88408
20230713,2023071312,10745889,1035299,10745308,948596,-581,-86703
20230713,2023071313,12143598,1187139,12142581,1100045,-1017,-87094
20230713,2023071314,14073786,1392877,14072943,1295481,-843,-97396
20230713,2023071315,16486559,1672846,16485864,1574088,-695,-98758
20230713,2023071316,19133160,2012951,19133525,1914840,365,-98111
20230713,2023071317,22014726,2376683,22014394,2312695,-332,-63988
20230713,2023071318,24584956,2703799,24584313,2709601,-643,5802
20230713,2023071319,26320199,2883002,26319303,2979692,-896,96690
20230713,2023071320,27509890,2987755,27508793,3149776,-1097,162021
20230713,2023071321,28389814,3056195,28388018,3249037,-1796,192842
20230713,2023071322,29158554,3110357,29157479,3309606,-1075,199249
20230713,2023071323,29800831,3137764,29799257,3346205,-1574,208441
20230713,2023071324,30275475,3167762,30273856,3365231,-1619,197469
20230714,2023071401,347832,20773,348238,12297,406,-8476
20230714,2023071402,565064,30388,565642,18278,578,-12110
20230714,2023071403,673028,36256,673356,21705,328,-14551
20230714,2023071404,724805,40889,724974,24578,169,-16311
20230714,2023071405,771154,45028,771445,26768,291,-18260
20230714,2023071406,843413,54596,843820,32544,407,-22052
20230714,2023071407,999973,66441,1000386,38858,413,-27583
20230714,2023071408,1834575,106322,1834678,67942,103,-38380
20230714,2023071409,3446911,243823,3447047,192911,136,-50912
20230714,2023071410,5867760,483473,5867714,408860,-46,-74613
20230714,2023071411,8177975,735487,8177545,650496,-430,-84991
20230714,2023071412,10211155,965964,10210026,882017,-1129,-83947
20230714,2023071413,11596678,1118359,11596009,1034763,-669,-83596
20230714,2023071414,13470152,1326827,13468930,1229820,-1222,-97007
20230714,2023071415,15826765,1601113,15825211,1497355,-1554,-103758
20230714,2023071416,18449204,1919070,18448268,1826174,-936,-92896
20230714,2023071417,21313449,2276029,21312014,2218346,-1435,-57683
20230714,2023071418,23866519,2590583,23864937,2603592,-1582,13009
20230714,2023071419,25630271,2771907,25628108,2876532,-2163,104625
20230714,2023071420,26808036,2874569,26806019,3049710,-2017,175141
20230714,2023071421,27658169,2941954,27655552,3149937,-2617,207983
20230714,2023071422,28334192,2986650,28332200,3212005,-1992,225355
20230714,2023071423,28939853,3031272,28938481,3249528,-1372,218256
20230714,2023071424,29416761,3055676,29414283,3270900,-2478,215224
20230715,2023071501,334296,20529,335033,12888,737,-7641
20230715,2023071502,528646,31939,529089,19981,443,-11958
20230715,2023071503,619811,38156,620245,24269,434,-13887
20230715,2023071504,719697,43203,720454,27468,757,-15735
20230715,2023071505,773884,48305,774267,30318,383,-17987
20230715,2023071506,837681,55697,838096,34413,415,-21284
20230715,2023071507,987822,67679,988241,40966,419,-26713
20230715,2023071508,1779823,99751,1779927,67358,104,-32393
20230715,2023071509,3207453,210800,3208008,170304,555,-40496
20230715,2023071510,5190748,392798,5191570,336131,822,-56667
20230715,2023071511,7005694,571070,7005587,514564,-107,-56506
20230715,2023071512,8657975,735688,8657077,688396,-898,-47292
20230715,2023071513,9908569,863359,9908028,818715,-541,-44644
20230715,2023071514,11486158,1022172,11485099,968472,-1059,-53700
20230715,2023071515,13286065,1203667,13285094,1153944,-971,-49723
20230715,2023071516,15186265,1406725,15185892,1372240,-373,-34485
20230715,2023071517,17235703,1631995,17235129,1630559,-574,-1436
20230715,2023071518,19123936,1844379,19123170,1891802,-766,47423
20230715,2023071519,20487484,1969902,20486694,2084650,-790,114748
20230715,2023071520,21448668,2051371,21447644,2210381,-1024,159010
20230715,2023071521,22204469,2107772,22204058,2286332,-411,178560
20230715,2023071522,22828301,2134246,22827432,2332621,-869,198375
20230715,2023071523,23394128,2173800,23393267,2362997,-861,189197
20230715,2023071524,23854204,2198104,23852749,2383475,-1455,185371
20230716,2023071601,344069,21723,344232,12973,163,-8750
20230716,2023071602,533334,32165,533840,19523,506,-12642
20230716,2023071603,652476,39060,652886,23918,410,-15142
20230716,2023071604,722788,43820,723067,26963,279,-16857
20230716,2023071605,769101,47598,769494,29424,393,-18174
20230716,2023071606,833592,53644,834064,32663,472,-20981
20230716,2023071607,968292,64144,968915,38420,623,-25724
20230716,2023071608,1683981,94088,1684269,62622,288,-31466
20230716,2023071609,2972942,189065,2973455,151542,513,-37523
20230716,2023071610,4777405,337498,4777942,288646,537,-48852
20230716,2023071611,6397359,478834,6397941,435542,582,-43292
20230716,2023071612,7860153,611091,7860130,576231,-23,-34860
20230716,2023071613,9015374,718371,9015366,687521,-8,-30850
20230716,2023071614,10450626,854235,10450664,819522,38,-34713
20230716,2023071615,12029143,1000391,12029281,971053,138,-29338
20230716,2023071616,13676002,1159844,13676704,1146689,702,-13155
20230716,2023071617,15431609,1336485,15431826,1354470,217,17985
20230716,2023071618,17034534,1498686,17034780,1558813,246,60127
20230716,2023071619,18237031,1599787,18236846,1707459,-185,107672
20230716,2023071620,19111628,1664047,19111399,1804854,-229,140807
20230716,2023071621,19799447,1708436,19798643,1866945,-804,158509
20230716,2023071622,20411138,1738740,20410973,1900665,-165,161925
20230716,2023071623,20987047,1764313,20987098,1923178,51,158865
20230716,2023071624,21472119,1787769,21471597,1940829,-522,153060
20230717,2023071701,329839,17713,330445,11090,606,-6623
20230717,2023071702,543065,26683,543661,16739,596,-9944
20230717,2023071703,641715,34600,642159,22131,444,-12469
20230717,2023071704,691240,38458,691534,24798,294,-13660
20230717,2023071705,730426,41766,730736,26772,310,-14994
20230717,2023071706,791552,47345,792025,29933,473,-17412
20230717,2023071707,948118,58084,948529,35630,411,-22454
20230717,2023071708,1741631,89118,1741738,60400,107,-28718
20230717,2023071709,3306568,218935,3306969,177459,401,-41476
20230717,2023071710,5721458,455219,5721940,395221,482,-59998
20230717,2023071711,8061511,707683,8060925,642970,-586,-64713
20230717,2023071712,10121636,940880,10121688,881453,52,-59427
20230717,2023071713,11524934,1096572,11523077,1035400,-1857,-61172
20230717,2023071714,13458827,1301390,13459003,1228418,176,-72972
20230717,2023071715,15860155,1588439,15860059,1510651,-96,-77788
20230717,2023071716,18551727,1919362,18552202,1852290,475,-67072
20230717,2023071717,21501232,2296295,21501471,2258796,239,-37499
20230717,2023071718,24107987,2626948,24107850,2652909,-137,25961
20230717,2023071719,25843949,2813674,25843275,2928058,-674,114384
20230717,2023071720,27022820,2909974,27022140,3094863,-680,184889
20230717,2023071721,27888176,2972859,27886837,3192464,-1339,219605
20230717,2023071722,28614813,3014725,28614212,3243556,-601,228831
20230717,2023071723,29244904,3046009,29244480,3272810,-424,226801
20230717,2023071724,29728174,3068728,29727063,3292770,-1111,224042
20230718,2023071801,379742,18472,380456,11645,714,-6827
20230718,2023071802,594810,29949,595246,18442,436,-11507
20230718,2023071803,674616,36061,674916,22116,300,-13945
20230718,2023071804,733080,41050,733267,25253,187,-15797
20230718,2023071805,776086,44788,776512,27463,426,-17325
20230718,2023071806,871883,52716,872452,31633,569,-21083
20230718,2023071807,1063131,64273,1063690,37516,559,-26757
20230718,2023071808,1896508,98669,1896678,63668,170,-35001
20230718,2023071809,3541209,240097,3542053,191150,844,-48947
20230718,2023071810,6022509,492639,6023408,418456,899,-74183
20230718,2023071811,8360516,755923,8360408,672147,-108,-83776
20230718,2023071812,10436628,1006077,10436488,915937,-140,-90140
20230718,2023071813,11808394,1154214,11808275,1066244,-119,-87970
20230718,2023071814,13727832,1362974,13727550,1264600,-282,-98374
20230718,2023071815,16162676,1666375,16162487,1552109,-189,-114266
20230718,2023071816,18853320,2005732,18853482,1897741,162,-107991
20230718,2023071817,21769522,2392126,21769756,2314439,234,-77687
20230718,2023071818,24355637,2730233,24355448,2719256,-189,-10977
20230718,2023071819,26086064,2926477,26085435,3002156,-629,75679
20230718,2023071820,27259318,3027894,27258780,3180913,-538,153019
20230718,2023071821,28114008,3087280,28112792,3280727,-1216,193447
20230718,2023071822,28812486,3133356,28812020,3341021,-466,207665
20230718,2023071823,29417667,3162638,29417205,3370681,-462,208043
20230718,2023071824,29894340,3186701,29893216,3389332,-1124,202631
20230719,2023071901,382576,22147,383024,13735,448,-8412
20230719,2023071902,588751,31626,589374,20018,623,-11608
20230719,2023071903,675658,37721,676029,23978,371,-13743
20230719,2023071904,735294,41489,735621,26320,327,-15169
20230719,2023071905,780949,48676,781418,31519,469,-17157
20230719,2023071906,857572,56965,858096,36088,524,-20877
20230719,2023071907,1044184,73676,1044779,47139,595,-26537
20230719,2023071908,1848030,108926,1848274,74754,244,-34172
20230719,2023071909,3471118,255052,3472194,203155,1076,-51897
20230719,2023071910,5882750,495783,5883423,422619,673,-73164
20230719,2023071911,8168165,753546,8168399,673985,234,-79561
20230719,2023071912,10224364,987962,10224201,912980,-163,-74982
20230719,2023071913,11579955,1135259,11579570,1063045,-385,-72214
20230719,2023071914,13475401,1347012,13475688,1261217,287,-85795
20230719,2023071915,15842226,1634356,15842163,1541836,-63,-92520
20230719,2023071916,18483814,1966700,18484379,1879404,565,-87296
20230719,2023071917,21351724,2339856,21351634,2282663,-90,-57193
20230719,2023071918,23886657,2684101,23886338,2687042,-319,2941
20230719,2023071919,25562919,2868149,25562150,2963618,-769,95469
20230719,2023071920,26706568,2971643,26705660,3134221,-908,162578
20230719,2023071921,27563000,3036980,27561524,3230581,-1476,193601
20230719,2023071922,28271297,3081359,28270703,3289551,-594,208192
20230719,2023071923,28878765,3111718,28878123,3324132,-642,212414
20230719,2023071924,29372167,3138229,29370788,3346195,-1379,207966
20230720,2023072001,340056,19760,340741,11833,685,-7927
20230720,2023072002,552481,30091,552951,18277,470,-11814
20230720,2023072003,682314,35873,683048,22023,734,-13850
20230720,2023072004,744101,40414,744317,25128,216,-15286
20230720,2023072005,787569,43963,787832,27340,263,-16623
20230720,2023072006,865866,50978,866329,30667,463,-20311
20230720,2023072007,995147,62615,995417,37020,270,-25595
20230720,2023072008,1827036,102466,1827136,68095,100,-34371
20230720,2023072009,3419615,242264,3420074,197996,459,-44268
20230720,2023072010,5810004,477835,5810247,418323,243,-59512
20230720,2023072011,8126347,740540,8125474,670357,-873,-70183
20230720,2023072012,10175164,975955,10173764,905509,-1400,-70446
20230720,2023072013,11536023,1123910,11534545,1050695,-1478,-73215
20230720,2023072014,13401501,1333547,13400065,1247397,-1436,-86150
20230720,2023072015,15779701,1623240,15778301,1526537,-1400,-96703
20230720,2023072016,18393883,1952099,18393431,1864423,-452,-87676
20230720,2023072017,21227384,2312881,21226516,2259470,-868,-53411
20230720,2023072018,23736383,2630466,23735836,2650358,-547,19892
20230720,2023072019,25409811,2802789,25408773,2918196,-1038,115407
20230720,2023072020,26546751,2908270,26545691,3084270,-1060,176000
20230720,2023072021,27390705,2970437,27388893,3176967,-1812,206530
20230720,2023072022,28081136,3012230,28080120,3234390,-1016,222160
20230720,2023072023,28682631,3042858,28682281,3264656,-350,221798
20230720,2023072024,29135257,3065963,29133593,3284436,-1664,218473
20230721,2023072101,308647,19726,309099,11954,452,-7772
20230721,2023072102,554910,30873,555330,18431,420,-12442
20230721,2023072103,687454,36889,687660,22004,206,-14885
20230721,2023072104,758322,40512,758559,24214,237,-16298
20230721,2023072105,810156,44767,810578,26735,422,-18032
20230721,2023072106,873329,52818,873737,31435,408,-21383
20230721,2023072107,1025816,64596,1026230,37788,414,-26808
20230721,2023072108,1821099,104138,1821298,68493,199,-35645
20230721,2023072109,3440009,241748,3440919,190437,910,-51311
20230721,2023072110,5853077,481944,5853685,407798,608,-74146
20230721,2023072111,8164425,732560,8163101,649445,-1324,-83115
20230721,2023072112,10199982,956334,10198268,873412,-1714,-82922
20230721,2023072113,11558022,1110037,11556164,1026521,-1858,-83516
20230721,2023072114,13421257,1309076,13420209,1215472,-1048,-93604
20230721,2023072115,15776629,1589665,15774831,1489203,-1798,-100462
20230721,2023072116,18413114,1911463,18412268,1821594,-846,-89869
20230721,2023072117,21248204,2266171,21247022,2212596,-1182,-53575
20230721,2023072118,23746928,2571344,23745673,2590699,-1255,19355
20230721,2023072119,25442707,2751807,25441072,2854766,-1635,102959
20230721,2023072120,26551206,2844017,26549396,3017402,-1810,173385
20230721,2023072121,27359615,2903660,27357020,3112978,-2595,209318
20230721,2023072122,28032380,2944090,28031313,3168989,-1067,224899
20230721,2023072123,28588471,2973701,28586915,3198833,-1556,225132
20230721,2023072124,29056358,2996518,29054145,3218289,-2213,221771
20230722,2023072201,352166,19062,352664,11163,498,-7899
20230722,2023072202,550324,30119,550729,17735,405,-12384
20230722,2023072203,653706,37074,654034,21854,328,-15220
20230722,2023072204,716651,40536,716907,23963,256,-16573
20230722,2023072205,759842,44275,760304,26170,462,-18105
20230722,2023072206,822833,50636,823221,30058,388,-20578
20230722,2023072207,966820,61315,967333,35559,513,-25756
20230722,2023072208,1727930,93393,1728277,60457,347,-32936
20230722,2023072209,3150499,206544,3151100,164695,601,-41849
20230722,2023072210,5083524,379266,5083673,320381,149,-58885
20230722,2023072211,6920746,549717,6920262,491650,-484,-58067
20230722,2023072212,8588517,713453,8587469,659067,-1048,-54386
20230722,2023072213,9858972,833255,9858568,782667,-404,-50588
20230722,2023072214,11438066,989139,11437551,935138,-515,-54001
20230722,2023072215,13228735,1172464,13227513,1122486,-1222,-49978
20230722,2023072216,15132375,1372881,15131484,1338695,-891,-34186
20230722,2023072217,17190732,1602845,17189205,1596527,-1527,-6318
20230722,2023072218,19088636,1808141,19087040,1855569,-1596,47428
20230722,2023072219,20445837,1932537,20444002,2042108,-1835,109571
20230722,2023072220,21369452,2008528,21367600,2160745,-1852,152217
20230722,2023072221,22074584,2064576,22072046,2234975,-2538,170399
20230722,2023072222,22684963,2100757,22683204,2285766,-1759,185009
20230722,2023072223,23210030,2128073,23208164,2313224,-1866,185151
20230722,2023072224,23664457,2151033,23662123,2331100,-2334,180067
20230723,2023072301,334726,17666,335159,10815,433,-6851
20230723,2023072302,538425,26142,538622,16067,197,-10075
20230723,2023072303,641917,32559,641940,20036,23,-12523
20230723,2023072304,698399,37538,698364,22921,-35,-14617
20230723,2023072305,738567,40773,738647,24792,80,-15981
20230723,2023072306,796549,47185,796655,28102,106,-19083
20230723,2023072307,932077,59039,932284,34728,207,-24311
20230723,2023072308,1662806,89183,1662519,60903,-287,-28280
20230723,2023072309,2949700,185685,2949977,150248,277,-35437
20230723,2023072310,4781979,330877,4782542,283003,563,-47874
20230723,2023072311,6424750,471858,6424888,427262,138,-44596
20230723,2023072312,7898155,603619,7898082,564986,-73,-38633
20230723,2023072313,9037679,707432,9037607,672664,-72,-34768
20230723,2023072314,10450091,839767,10449872,800850,-219,-38917
20230723,2023072315,12028676,980060,12028594,949475,-82,-30585
20230723,2023072316,13639036,1137328,13639243,1121469,207,-15859
20230723,2023072317,15392893,1309862,15392492,1326823,-401,16961
20230723,2023072318,17027823,1472349,17027207,1533048,-616,60699
20230723,2023072319,18257097,1577426,18256108,1684373,-989,106947
20230723,2023072320,19111084,1644575,19109713,1787747,-1371,143172
20230723,2023072321,19806765,1686833,19805634,1851378,-1131,164545
20230723,2023072322,20438246,1717622,20437303,1886077,-943,168455
20230723,2023072323,21012071,1745594,21011136,1909367,-935,163773
20230723,2023072324,21468396,1766130,21466762,1925632,-1634,159502
20230724,2023072401,336712,15236,337245,9190,533,-6046
20230724,2023072402,544885,23876,545226,14441,341,-9435
20230724,2023072403,621843,27594,622182,16873,339,-10721
20230724,2023072404,744252,31167,744614,19453,362,-11714
20230724,2023072405,788770,35293,789110,21719,340,-13574
20230724,2023072406,860805,40088,861114,24740,309,-15348
20230724,2023072407,999286,50602,999546,30733,260,-19869
20230724,2023072408,1758814,84503,1758582,57940,-232,-26563
20230724,2023072409,3372373,222382,3372732,183309,359,-39073
20230724,2023072410,5836610,471483,5837097,409011,487,-62472
20230724,2023072411,8216553,738526,8216965,669415,412,-69111
20230724,2023072412,10342221,979735,10341900,910683,-321,-69052
20230724,2023072413,11761667,1140104,11761608,1071238,-59,-68866
20230724,2023072414,13699888,1359755,13700124,1275048,236,-84707
20230724,2023072415,16153926,1654911,16153898,1563814,-28,-91097
20230724,2023072416,18896670,1999940,18896868,1916266,198,-83674
20230724,2023072417,21901579,2386448,21900975,2338095,-604,-48353
20230724,2023072418,24593135,2733958,24592410,2755653,-725,21695
20230724,2023072419,26380615,2920175,26379543,3037965,-1072,117790
20230724,2023072420,27564081,3025005,27562935,3215884,-1146,190879
20230724,2023072421,28410668,3089994,28408915,3317990,-1753,227996
20230724,2023072422,29163048,3132228,29162047,3372420,-1001,240192
20230724,2023072423,29746621,3164706,29745483,3402492,-1138,237786
20230724,2023072424,30201882,3185746,30200239,3420896,-1643,235150
20230725,2023072501,326170,21020,326707,12178,537,-8842
20230725,2023072502,508688,34960,509223,19682,535,-15278
20230725,2023072503,604727,41833,605080,23510,353,-18323
20230725,2023072504,667560,46947,667825,26494,265,-20453
20230725,2023072505,709207,50893,709684,28955,477,-21938
20230725,2023072506,768182,57969,768602,32695,420,-25274
20230725,2023072507,922577,72487,923004,41429,427,-31058
20230725,2023072508,1716356,106447,1716355,67886,-1,-38561
20230725,2023072509,3305833,252574,3306658,201291,825,-51283
20230725,2023072510,5739048,506241,5739883,429723,835,-76518
20230725,2023072511,8051119,766254,8051409,684424,290,-81830
20230725,2023072512,10160419,1015491,10159624,926463,-795,-89028
20230725,2023072513,11551572,1163411,11551216,1075963,-356,-87448
20230725,2023072514,13429776,1370854,13429196,1275383,-580,-95471
20230725,2023072515,15850738,1663841,15850247,1560966,-491,-102875
20230725,2023072516,18562587,2003965,18562610,1910732,23,-93233
20230725,2023072517,21498386,2380212,21498212,2324052,-174,-56160
20230725,2023072518,24098765,2714949,24097980,2732218,-785,17269
20230725,2023072519,25840390,2903026,25839050,3010104,-1340,107078
20230725,2023072520,26979966,3012090,26978952,3189462,-1014,177372
20230725,2023072521,27808808,3076394,27806777,3287774,-2031,211380
20230725,2023072522,28542991,3124853,28542348,3347453,-643,222600
20230725,2023072523,29171685,3159304,29170511,3379513,-1174,220209
20230725,2023072524,29644685,3182373,29642762,3399204,-1923,216831
20230726,2023072601,324049,21903,324592,13947,543,-7956
20230726,2023072602,517838,34281,518298,21983,460,-12298
20230726,2023072603,609975,40703,610485,26164,510,-14539
20230726,2023072604,664375,44938,664632,29057,257,-15881
20230726,2023072605,705955,49008,706243,31612,288,-17396
20230726,2023072606,764519,55680,764919,35031,400,-20649
20230726,2023072607,909122,67373,909648,41535,526,-25838
20230726,2023072608,1623685,107001,1623980,74464,295,-32537
20230726,2023072609,3306006,252464,3306726,205856,720,-46608
20230726,2023072610,5696994,502221,5697560,430637,566,-71584
20230726,2023072611,8047112,770748,8047525,690751,413,-79997
20230726,2023072612,10075040,1002748,10074327,925578,-713,-77170
20230726,2023072613,11424629,1153780,11424011,1075254,-618,-78526
20230726,2023072614,13321061,1367950,13320665,1278293,-396,-89657
20230726,2023072615,15743332,1670370,15742559,1569659,-773,-100711
20230726,2023072616,18428323,2009449,18427775,1916517,-548,-92932
20230726,2023072617,21343945,2389172,21343200,2331530,-745,-57642
20230726,2023072618,23930246,2728432,23928971,2736262,-1275,7830
20230726,2023072619,25658603,2915369,25656770,3017814,-1833,102445
20230726,2023072620,26797630,3020315,26795767,3195802,-1863,175487
20230726,2023072621,27635184,3092951,27632632,3301162,-2552,208211
20230726,2023072622,28311047,3140592,28309173,3364454,-1874,223862
20230726,2023072623,28895276,3172194,28893415,3397353,-1861,225159
20230726,2023072624,29351797,3195337,29349389,3418270,-2408,222933
20230727,2023072701,353662,31369,354245,21640,583,-9729
20230727,2023072702,596238,46327,596758,31296,520,-15031
20230727,2023072703,706334,54496,706643,35911,309,-18585
20230727,2023072704,772991,63169,773207,40448,216,-22721
20230727,2023072705,821340,71722,821613,44865,273,-26857
20230727,2023072706,887501,81306,887999,49855,498,-31451
20230727,2023072707,1036486,94007,1036972,56804,486,-37203
20230727,2023072708,1813953,131566,1814353,86124,400,-45442
20230727,2023072709,3428025,275708,3428798,215918,773,-59790
20230727,2023072710,5821919,527471,5822380,442761,461,-84710
20230727,2023072711,8114191,800464,8114037,707897,-154,-92567
20230727,2023072712,10130574,1043875,10129789,951726,-785,-92149
20230727,2023072713,11457209,1191469,11456564,1098661,-645,-92808
20230727,2023072714,13343142,1414080,13342871,1306363,-271,-107717
20230727,2023072715,15701138,1706218,15700507,1589235,-631,-116983
20230727,2023072716,18316584,2044853,18315912,1933441,-672,-111412
20230727,2023072717,21143106,2407594,21142012,2334939,-1094,-72655
20230727,2023072718,23664097,2727563,23664097,2727563,0,0
20230727,2023072719,25340735,2910809,25340735,2910809,0,0
20230727,2023072720,26410112,3012841,26410112,3012841,0,0
20230727,2023072721,27234996,3091947,27234996,3091947,0,0
20230727,2023072722,27939994,3144446,27939994,3144446,0,0
20230727,2023072723,28499787,3181294,28499787,3181294,0,0
20230727,2023072724,28948823,3209766,28948823,3209766,0,0
20230728,2023072801,328767,23992,328767,23992,0,0
20230728,2023072802,519444,34443,519444,34443,0,0
20230728,2023072803,627751,40402,627751,40402,0,0
20230728,2023072804,692065,46582,692065,46582,0,0
20230728,2023072805,732519,49478,732519,49478,0,0
20230728,2023072806,789365,57184,789365,57184,0,0
20230728,2023072807,929475,66344,929475,66344,0,0
20230728,2023072808,1638127,101015,1638127,101015,0,0
20230728,2023072809,3189017,232763,3189017,232763,0,0
20230728,2023072810,5428790,453826,5428790,453826,0,0
20230728,2023072811,7669291,697181,7669291,697181,0,0
20230728,2023072812,9679366,906364,9679366,906364,0,0
20230728,2023072813,10987905,1051903,10987905,1051903,0,0
20230728,2023072814,12867715,1255268,12867715,1255268,0,0
20230728,2023072815,15176808,1529036,15176808,1529036,0,0
20230728,2023072816,17739716,1838751,17739716,1838751,0,0
20230728,2023072817,20526383,2177309,20526383,2177309,0,0
20230728,2023072818,22949555,2464370,22949555,2464370,0,0
20230728,2023072819,24553513,2623739,24553513,2623739,0,0
20230728,2023072820,25579323,2711900,25579323,2711900,0,0
20230728,2023072821,26335361,2776402,26335361,2776402,0,0
20230728,2023072822,27002958,2817832,27002958,2817832,0,0
20230728,2023072823,27580722,2847823,27580722,2847823,0,0
20230728,2023072824,28075150,2870189,28075150,2870189,0,0
20230729,2023072901,342088,21868,342088,21868,0,0
20230729,2023072902,534217,31054,534217,31054,0,0
20230729,2023072903,630464,36094,630464,36094,0,0
20230729,2023072904,704796,40440,704796,40440,0,0
20230729,2023072905,747230,44103,747230,44103,0,0
20230729,2023072906,803542,50618,803542,50618,0,0
20230729,2023072907,947459,62742,947459,62742,0,0
20230729,2023072908,1656451,91125,1656451,91125,0,0
20230729,2023072909,3089383,199212,3089383,199212,0,0
20230729,2023072910,5054421,377865,5054421,377865,0,0
20230729,2023072911,6875768,558378,6875768,558378,0,0
20230729,2023072912,8522088,732084,8522088,732084,0,0
20230729,2023072913,9739217,855180,9739217,855180,0,0
20230729,2023072914,11304846,1016854,11304846,1016854,0,0
20230729,2023072915,13092152,1200562,13092152,1200562,0,0
20230729,2023072916,14991085,1403119,14991085,1403119,0,0
20230729,2023072917,17009719,1631180,17009719,1631180,0,0
20230729,2023072918,18850914,1825637,18850914,1825637,0,0
20230729,2023072919,20157873,1953265,20157873,1953265,0,0
20230729,2023072920,21041021,2028622,21041021,2028622,0,0
20230729,2023072921,21722282,2078080,21722282,2078080,0,0
20230729,2023072922,22317469,2116788,22317469,2116788,0,0
20230729,2023072923,22819137,2143291,22819137,2143291,0,0
20230729,2023072924,23237191,2165043,23237191,2165043,0,0
20230730,2023073001,332944,20206,332944,20206,0,0
20230730,2023073002,550657,27375,550657,27375,0,0
20230730,2023073003,685334,33486,685334,33486,0,0
20230730,2023073004,740751,37119,740751,37119,0,0
20230730,2023073005,779670,39490,779670,39490,0,0
20230730,2023073006,829787,46509,829787,46509,0,0
20230730,2023073007,971383,58409,971383,58409,0,0
20230730,2023073008,1607994,83865,1607994,83865,0,0
20230730,2023073009,2877538,172960,2877538,172960,0,0
20230730,2023073010,4612491,314644,4612491,314644,0,0
20230730,2023073011,6242980,462888,6242980,462888,0,0
20230730,2023073012,7696875,593799,7696875,593799,0,0
20230730,2023073013,8808599,697048,8808599,697048,0,0
20230730,2023073014,10217048,823052,10217048,823052,0,0
20230730,2023073015,11766755,969296,11766755,969296,0,0
20230730,2023073016,13414803,1127015,13414803,1127015,0,0
20230730,2023073017,15143457,1300425,15143457,1300425,0,0
20230730,2023073018,16705569,1458598,16705569,1458598,0,0
20230730,2023073019,17865424,1559111,17865424,1559111,0,0
20230730,2023073020,18676111,1619613,18676111,1619613,0,0
20230730,2023073021,19327926,1665465,19327926,1665465,0,0
20230730,2023073022,19915597,1699933,19915597,1699933,0,0
20230730,2023073023,20450408,1724970,20450408,1724970,0,0
20230730,2023073024,20866894,1747093,20866894,1747093,0,0
20230731,2023073101,279075,18267,279075,18267,0,0
20230731,2023073102,486673,26803,486673,26803,0,0
20230731,2023073103,616881,31637,616881,31637,0,0
20230731,2023073104,663632,35551,663632,35551,0,0
20230731,2023073105,699813,39346,699813,39346,0,0
20230731,2023073106,748798,45901,748798,45901,0,0
20230731,2023073107,890392,56494,890392,56494,0,0
20230731,2023073108,1596558,88381,1596558,88381,0,0
20230731,2023073109,3141589,222530,3141589,222530,0,0
20230731,2023073110,5528077,450193,5528077,450193,0,0
20230731,2023073111,7861753,708400,7861753,708400,0,0
20230731,2023073112,9935424,942563,9935424,942563,0,0
20230731,2023073113,11299623,1095077,11299623,1095077,0,0
20230731,2023073114,13212427,1304187,13212427,1304187,0,0
20230731,2023073115,15606388,1599079,15606388,1599079,0,0
20230731,2023073116,18214785,1912670,18214785,1912670,0,0
20230731,2023073117,21057998,2276759,21057998,2276759,0,0
20230731,2023073118,23591846,2585224,23591846,2585224,0,0
20230731,2023073119,25284879,2769523,25284879,2769523,0,0
20230731,2023073120,26398481,2866042,26398481,2866042,0,0
20230731,2023073121,27238815,2937057,27238815,2937057,0,0
20230731,2023073122,27924727,2985482,27924727,2985482,0,0
20230731,2023073123,28488803,3016625,28488803,3016625,0,0
20230731,2023073124,28958710,3042716,28958710,3042716,0,0
20230801,2023080101,333676,24166,333676,24166,0,0
20230801,2023080102,544418,34518,544418,34518,0,0
20230801,2023080103,667121,40516,667121,40516,0,0
20230801,2023080104,734247,45241,734247,45241,0,0
20230801,2023080105,773051,48949,773051,48949,0,0
20230801,2023080106,834509,58370,834509,58370,0,0
20230801,2023080107,985363,67094,985363,67094,0,0
20230801,2023080108,1750518,102293,1750518,102293,0,0
20230801,2023080109,3310712,239785,3310712,239785,0,0
20230801,2023080110,5675517,471900,5675517,471900,0,0
20230801,2023080111,7954338,718828,7954338,718828,0,0
20230801,2023080112,10015403,946647,10015403,946647,0,0
20230801,2023080113,11363408,1101134,11363408,1101134,0,0
20230801,2023080114,13249253,1300689,13249253,1300689,0,0
20230801,2023080115,15624711,1590844,15624711,1590844,0,0
20230801,2023080116,18240445,1912926,18240445,1912926,0,0
20230801,2023080117,21035335,2272708,21035335,2272708,0,0
20230801,2023080118,23530354,2588628,23530354,2588628,0,0
20230801,2023080119,25202813,2770956,25202813,2770956,0,0
20230801,2023080120,26280582,2868437,26280582,2868437,0,0
20230801,2023080121,27078476,2930363,27078476,2930363,0,0
20230801,2023080122,27725845,2975662,27725845,2975662,0,0
20230801,2023080123,28295716,3007937,28295716,3007937,0,0
20230801,2023080124,28724156,3029549,28724156,3029549,0,0
20230802,2023080201,293534,20491,293534,20491,0,0
20230802,2023080202,472931,28711,472931,28711,0,0
20230802,2023080203,568249,33741,568249,33741,0,0
20230802,2023080204,662836,38306,662836,38306,0,0
20230802,2023080205,703613,41434,703613,41434,0,0
20230802,2023080206,759867,48528,759867,48528,0,0
20230802,2023080207,906995,59824,906995,59824,0,0
20230802,2023080208,1610077,90639,1610077,90639,0,0
20230802,2023080209,3230442,227247,3230442,227247,0,0
20230802,2023080210,5609191,483522,5609191,483522,0,0
20230802,2023080211,7860799,741539,7860799,741539,0,0
