inc_day,inc_dayhour,all_quantity_num,air_quantity_num,area_all_quantity_num,area_air_quantity_num,diff_all,diff_air
20230601,2023060101,173550,16942,173550,16942,0,0
20230601,2023060102,343034,34554,343034,34554,0,0
20230601,2023060103,529551,50028,529551,50028,0,0
20230601,2023060104,721401,70489,721401,70489,0,0
20230601,2023060105,920619,88208,920619,88208,0,0
20230601,2023060106,1099808,106056,1099808,106056,0,0
20230601,2023060107,1304430,121411,1304430,121411,0,0
20230601,2023060108,1599804,142978,1599804,142978,0,0
20230601,2023060109,2435317,178436,2435317,178436,0,0
20230601,2023060110,3779905,257879,3779905,257879,0,0
20230601,2023060111,5386086,446198,5386086,446198,0,0
20230601,2023060112,6988688,705563,6988688,705563,0,0
20230601,2023060113,8021819,897816,8021819,897816,0,0
20230601,2023060114,9388404,1049338,9388404,1049338,0,0
20230601,2023060115,11115073,1226106,11115073,1226106,0,0
20230601,2023060116,13073324,1449427,13073324,1449427,0,0
20230601,2023060117,15228924,1714469,15228924,1714469,0,0
20230601,2023060118,17450571,2019996,17450571,2019996,0,0
20230601,2023060119,19595422,2456807,19595422,2456807,0,0
20230601,2023060120,21591233,2848314,21591233,2848314,0,0
20230601,2023060121,23108945,3088142,23108945,3088142,0,0
20230601,2023060122,24113564,3237303,24113564,3237303,0,0
20230601,2023060123,24762786,3328474,24762786,3328474,0,0
20230601,2023060124,25122798,3364769,25122798,3364769,0,0
20230602,2023060201,209016,14624,209016,14624,0,0
20230602,2023060202,410305,27587,410305,27587,0,0
20230602,2023060203,577763,47956,577763,47956,0,0
20230602,2023060204,720891,64388,720891,64388,0,0
20230602,2023060205,847650,79296,847650,79296,0,0
20230602,2023060206,953824,88368,953824,88368,0,0
20230602,2023060207,1093338,98907,1093338,98907,0,0
20230602,2023060208,1265519,109767,1265519,109767,0,0
20230602,2023060209,1927133,141620,1927133,141620,0,0
20230602,2023060210,3027150,211305,3027150,211305,0,0
20230602,2023060211,4337474,368236,4337474,368236,0,0
20230602,2023060212,5627862,586548,5627862,586548,0,0
20230602,2023060213,6448180,753680,6448180,753680,0,0
20230602,2023060214,7425357,868432,7425357,868432,0,0
20230602,2023060215,8722528,1003378,8722528,1003378,0,0
20230602,2023060216,10303192,1198340,10303192,1198340,0,0
20230602,2023060217,12063976,1409062,12063976,1409062,0,0
20230602,2023060218,13961059,1676246,13961059,1676246,0,0
20230602,2023060219,15893277,2089908,15893277,2089908,0,0
20230602,2023060220,17567511,2452156,17567511,2452156,0,0
20230602,2023060221,18728653,2678072,18728653,2678072,0,0
20230602,2023060222,19434796,2810473,19434796,2810473,0,0
20230602,2023060223,19857025,2882404,19857025,2882404,0,0
20230602,2023060224,20064354,2912558,20064354,2912558,0,0
20230603,2023060301,139267,11766,139267,11766,0,0
20230603,2023060302,251667,20240,251667,20240,0,0
20230603,2023060303,339236,33074,339236,33074,0,0
20230603,2023060304,398312,40084,398312,40084,0,0
20230603,2023060305,450833,48035,450833,48035,0,0
20230603,2023060306,498004,55216,498004,55216,0,0
20230603,2023060307,553873,62242,553873,62242,0,0
20230603,2023060308,657386,74145,657386,74145,0,0
20230603,2023060309,1117392,98670,1117392,98670,0,0
20230603,2023060310,1983120,151770,1983120,151770,0,0
20230603,2023060311,3044986,264616,3044986,264616,0,0
20230603,2023060312,4146061,443354,4146061,443354,0,0
20230603,2023060313,4894266,580938,4894266,580938,0,0
20230603,2023060314,5719043,679823,5719043,679823,0,0
20230603,2023060315,6790315,793496,6790315,793496,0,0
20230603,2023060316,8098717,946562,8098717,946562,0,0
20230603,2023060317,9581935,1119635,9581935,1119635,0,0
20230603,2023060318,11201059,1341026,11201059,1341026,0,0
20230603,2023060319,12781040,1625355,12781040,1625355,0,0
20230603,2023060320,14071713,1873984,14071713,1873984,0,0
20230603,2023060321,14981182,2035418,14981182,2035418,0,0
20230603,2023060322,15558123,2142996,15558123,2142996,0,0
20230603,2023060323,15901426,2210891,15901426,2210891,0,0
20230603,2023060324,16079880,2237034,16079880,2237034,0,0
20230604,2023060401,125414,9568,125414,9568,0,0
20230604,2023060402,220515,18055,220515,18055,0,0
20230604,2023060403,295366,29628,295366,29628,0,0
20230604,2023060404,348879,37262,348879,37262,0,0
20230604,2023060405,393787,45409,393787,45409,0,0
20230604,2023060406,429574,51250,429574,51250,0,0
20230604,2023060407,474750,57681,474750,57681,0,0
20230604,2023060408,548717,66024,548717,66024,0,0
20230604,2023060409,953469,79463,953469,79463,0,0
20230604,2023060410,1737386,115958,1737386,115958,0,0
20230604,2023060411,2748624,219664,2748624,219664,0,0
20230604,2023060412,3779891,377845,3779891,377845,0,0
20230604,2023060413,4450159,496462,4450159,496462,0,0
20230604,2023060414,5227874,580969,5227874,580969,0,0
20230604,2023060415,6266621,695002,6266621,695002,0,0
20230604,2023060416,7503725,831346,7503725,831346,0,0
20230604,2023060417,8915897,988516,8915897,988516,0,0
20230604,2023060418,10421170,1172117,10421170,1172117,0,0
20230604,2023060419,11866331,1414294,11866331,1414294,0,0
20230604,2023060420,13002575,1608691,13002575,1608691,0,0
20230604,2023060421,13790427,1733204,13790427,1733204,0,0
20230604,2023060422,14256907,1807987,14256907,1807987,0,0
20230604,2023060423,14530608,1847801,14530608,1847801,0,0
20230604,2023060424,14656919,1861605,14656919,1861605,0,0
20230605,2023060501,95004,9490,95004,9490,0,0
20230605,2023060502,167059,17828,167059,17828,0,0
20230605,2023060503,209991,20995,209991,20995,0,0
20230605,2023060504,234535,23580,234535,23580,0,0
20230605,2023060505,256545,26183,256545,26183,0,0
20230605,2023060506,274763,28349,274763,28349,0,0
20230605,2023060507,296283,29523,296283,29523,0,0
20230605,2023060508,354815,32843,354815,32843,0,0
20230605,2023060509,812933,46647,812933,46647,0,0
20230605,2023060510,1699715,92892,1699715,92892,0,0
20230605,2023060511,2778343,219766,2778343,219766,0,0
20230605,2023060512,3852368,419840,3852368,419840,0,0
20230605,2023060513,4545711,581846,4545711,581846,0,0
20230605,2023060514,5315794,678020,5315794,678020,0,0
20230605,2023060515,6371209,805931,6371209,805931,0,0
20230605,2023060516,7691799,987343,7691799,987343,0,0
20230605,2023060517,9223453,1178424,9223453,1178424,0,0
20230605,2023060518,10936246,1445519,10936246,1445519,0,0
20230605,2023060519,12710857,1864679,12710857,1864679,0,0
20230605,2023060520,14183671,2233941,14183671,2233941,0,0
20230605,2023060521,15145182,2459209,15145182,2459209,0,0
20230605,2023060522,15683131,2578415,15683131,2578415,0,0
20230605,2023060523,15984581,2645542,15984581,2645542,0,0
20230605,2023060524,16130269,2675615,16130269,2675615,0,0
20230606,2023060601,94796,6850,94796,6850,0,0
20230606,2023060602,162071,12714,162071,12714,0,0
20230606,2023060603,206619,15996,206619,15996,0,0
20230606,2023060604,233747,18310,233747,18310,0,0
20230606,2023060605,248793,20331,248793,20331,0,0
20230606,2023060606,265002,22692,265002,22692,0,0
20230606,2023060607,286671,25866,286671,25866,0,0
20230606,2023060608,349681,34802,349681,34802,0,0
20230606,2023060609,851950,50245,851950,50245,0,0
20230606,2023060610,1772207,94377,1772207,94377,0,0
20230606,2023060611,2870105,235247,2870105,235247,0,0
20230606,2023060612,3962999,442477,3962999,442477,0,0
20230606,2023060613,4652606,603244,4652606,603244,0,0
20230606,2023060614,5406087,698541,5406087,698541,0,0
20230606,2023060615,6424706,810772,6424706,810772,0,0
20230606,2023060616,7721957,979704,7721957,979704,0,0
20230606,2023060617,9237688,1180893,9237688,1180893,0,0
20230606,2023060618,10925774,1442084,10925774,1442084,0,0
20230606,2023060619,12712658,1857759,12712658,1857759,0,0
20230606,2023060620,14187785,2225423,14187785,2225423,0,0
20230606,2023060621,15164724,2456033,15164724,2456033,0,0
20230606,2023060622,15712708,2576938,15712708,2576938,0,0
20230606,2023060623,16018543,2644030,16018543,2644030,0,0
20230606,2023060624,16161210,2672317,16161210,2672317,0,0
20230607,2023060701,97015,6562,97015,6562,0,0
20230607,2023060702,169324,12978,169324,12978,0,0
20230607,2023060703,206217,16203,206217,16203,0,0
20230607,2023060704,232860,17646,232860,17646,0,0
20230607,2023060705,252354,19753,252354,19753,0,0
20230607,2023060706,260596,20604,260596,20604,0,0
20230607,2023060707,276721,22172,276721,22172,0,0
20230607,2023060708,341394,25140,341394,25140,0,0
20230607,2023060709,835649,39810,835649,39810,0,0
20230607,2023060710,1734066,81887,1734066,81887,0,0
20230607,2023060711,2799520,213772,2799520,213772,0,0
20230607,2023060712,3863199,422452,3863199,422452,0,0
20230607,2023060713,4547399,586625,4547399,586625,0,0
20230607,2023060714,5301256,682490,5301256,682490,0,0
20230607,2023060715,6344845,801437,6344845,801437,0,0
20230607,2023060716,7615777,977775,7615777,977775,0,0
20230607,2023060717,9129227,1185379,9129227,1185379,0,0
20230607,2023060718,10834736,1462524,10834736,1462524,0,0
20230607,2023060719,12589400,1882593,12589400,1882593,0,0
20230607,2023060720,14047156,2255510,14047156,2255510,0,0
20230607,2023060721,14986919,2479329,14986919,2479329,0,0
20230607,2023060722,15544157,2601981,15544157,2601981,0,0
20230607,2023060723,15846476,2676969,15846476,2676969,0,0
20230607,2023060724,15990783,2707003,15990783,2707003,0,0
20230608,2023060801,92426,8493,92426,8493,0,0
20230608,2023060802,163502,16499,163502,16499,0,0
20230608,2023060803,200912,18895,200912,18895,0,0
20230608,2023060804,221540,22511,221540,22511,0,0
20230608,2023060805,239712,25619,239712,25619,0,0
20230608,2023060806,251142,26491,251142,26491,0,0
20230608,2023060807,269369,27628,269369,27628,0,0
20230608,2023060808,326876,33313,326876,33313,0,0
20230608,2023060809,798721,46782,798721,46782,0,0
20230608,2023060810,1642607,84293,1642607,84293,0,0
20230608,2023060811,2675608,206682,2675608,206682,0,0
20230608,2023060812,3718718,404101,3718718,404101,0,0
20230608,2023060813,4390817,568005,4390817,568005,0,0
20230608,2023060814,5136353,672838,5136353,672838,0,0
20230608,2023060815,6154053,796277,6154053,796277,0,0
20230608,2023060816,7420634,974117,7420634,974117,0,0
20230608,2023060817,8918473,1183231,8918473,1183231,0,0
20230608,2023060818,10599199,1449165,10599199,1449165,0,0
20230608,2023060819,12311767,1857725,12311767,1857725,0,0
20230608,2023060820,13775552,2228793,13775552,2228793,0,0
20230608,2023060821,14731694,2462077,14731694,2462077,0,0
20230608,2023060822,15252974,2589404,15252974,2589404,0,0
20230608,2023060823,15552450,2663002,15552450,2663002,0,0
20230608,2023060824,15692720,2692120,15692720,2692120,0,0
20230609,2023060901,89135,9886,89135,9886,0,0
20230609,2023060902,152450,16468,152450,16468,0,0
20230609,2023060903,187881,20335,187881,20335,0,0
20230609,2023060904,209147,22306,209147,22306,0,0
20230609,2023060905,224990,24423,224990,24423,0,0
20230609,2023060906,239059,25275,239059,25275,0,0
20230609,2023060907,255406,26110,255406,26110,0,0
20230609,2023060908,310457,29977,310457,29977,0,0
20230609,2023060909,767651,54663,767651,54663,0,0
20230609,2023060910,1620831,95579,1620831,95579,0,0
20230609,2023060911,2654630,215028,2654630,215028,0,0
20230609,2023060912,3695731,415239,3695731,415239,0,0
20230609,2023060913,4374775,566507,4374775,566507,0,0
20230609,2023060914,5117244,662042,5117244,662042,0,0
20230609,2023060915,6139260,775412,6139260,775412,0,0
20230609,2023060916,7419310,942009,7419310,942009,0,0
20230609,2023060917,8931868,1150218,8931868,1150218,0,0
20230609,2023060918,10616996,1411267,10616996,1411267,0,0
20230609,2023060919,12384328,1809928,12384328,1809928,0,0
20230609,2023060920,13857933,2173136,13857933,2173136,0,0
20230609,2023060921,14819524,2403115,14819524,2403115,0,0
20230609,2023060922,15366152,2525337,15366152,2525337,0,0
20230609,2023060923,15660808,2589913,15660808,2589913,0,0
20230609,2023060924,15807216,2621107,15807216,2621107,0,0
20230610,2023061001,85248,8740,85248,8740,0,0
20230610,2023061002,143145,14598,143145,14598,0,0
20230610,2023061003,175488,17517,175488,17517,0,0
20230610,2023061004,200364,20023,200364,20023,0,0
20230610,2023061005,211560,22480,211560,22480,0,0
20230610,2023061006,222900,24062,222900,24062,0,0
20230610,2023061007,237235,25328,237235,25328,0,0
20230610,2023061008,285675,27457,285675,27457,0,0
20230610,2023061009,700269,37795,700269,37795,0,0
20230610,2023061010,1493130,69580,1493130,69580,0,0
20230610,2023061011,2486619,174926,2486619,174926,0,0
20230610,2023061012,3497818,346052,3497818,346052,0,0
20230610,2023061013,4158385,471603,4158385,471603,0,0
20230610,2023061014,4880080,557256,4880080,557256,0,0
20230610,2023061015,5831853,662501,5831853,662501,0,0
20230610,2023061016,7026936,812415,7026936,812415,0,0
20230610,2023061017,8390124,991605,8390124,991605,0,0
20230610,2023061018,9881750,1203998,9881750,1203998,0,0
20230610,2023061019,11355320,1497172,11355320,1497172,0,0
20230610,2023061020,12527856,1742485,12527856,1742485,0,0
20230610,2023061021,13313948,1894953,13313948,1894953,0,0
20230610,2023061022,13771788,1995414,13771788,1995414,0,0
20230610,2023061023,14026132,2050062,14026132,2050062,0,0
20230610,2023061024,14149434,2073126,14149434,2073126,0,0
20230611,2023061101,82515,6412,82515,6412,0,0
20230611,2023061102,135800,13668,135800,13668,0,0
20230611,2023061103,165324,17678,165324,17678,0,0
20230611,2023061104,180755,20729,180755,20729,0,0
20230611,2023061105,192383,23727,192383,23727,0,0
20230611,2023061106,201858,25253,201858,25253,0,0
20230611,2023061107,215832,26381,215832,26381,0,0
20230611,2023061108,256067,27762,256067,27762,0,0
20230611,2023061109,644470,35640,644470,35640,0,0
20230611,2023061110,1388757,62309,1388757,62309,0,0
20230611,2023061111,2314125,153780,2314125,153780,0,0
20230611,2023061112,3233276,312260,3233276,312260,0,0
20230611,2023061113,3829834,428411,3829834,428411,0,0
20230611,2023061114,4513922,506548,4513922,506548,0,0
20230611,2023061115,5416826,598363,5416826,598363,0,0
20230611,2023061116,6542030,732050,6542030,732050,0,0
20230611,2023061117,7839853,890968,7839853,890968,0,0
20230611,2023061118,9245987,1085560,9245987,1085560,0,0
20230611,2023061119,10594666,1331312,10594666,1331312,0,0
20230611,2023061120,11650254,1537912,11650254,1537912,0,0
20230611,2023061121,12329483,1661170,12329483,1661170,0,0
20230611,2023061122,12723454,1738670,12723454,1738670,0,0
20230611,2023061123,12939637,1779254,12939637,1779254,0,0
20230611,2023061124,13046673,1794637,13046673,1794637,0,0
20230612,2023061201,96328,12437,82443,7129,-13885,-5308
20230612,2023061202,143764,18187,134901,14471,-8863,-3716
20230612,2023061203,167971,20605,161368,17735,-6603,-2870
20230612,2023061204,180521,22905,176390,20044,-4131,-2861
20230612,2023061205,193058,24835,188539,22285,-4519,-2550
20230612,2023061206,203119,26382,198512,24087,-4607,-2295
20230612,2023061207,219336,28624,211911,24762,-7425,-3862
20230612,2023061208,279216,37035,260010,27023,-19206,-10012
20230612,2023061209,804626,87790,707104,34718,-97522,-53072
20230612,2023061210,1720974,204668,1559895,71065,-161079,-133603
20230612,2023061211,2829354,387880,2617045,196104,-212309,-191776
20230612,2023061212,3867986,576050,3685990,407664,-181996,-168386
20230612,2023061213,4499529,694097,4377472,574606,-122057,-119491
20230612,2023061214,5299738,812192,5126844,677555,-172894,-134637
20230612,2023061215,6442322,987672,6178349,795350,-263973,-192322
20230612,2023061216,7850550,1212606,7516331,978595,-334219,-234011
20230612,2023061217,9505125,1510423,9078966,1198270,-426159,-312153
20230612,2023061218,11325644,1873998,10826989,1485912,-498655,-388086
20230612,2023061219,13074217,2231498,12651866,1925572,-422351,-305926
20230612,2023061220,14459279,2496460,14169087,2318372,-290192,-178088
20230612,2023061221,15316210,2646951,15180423,2563533,-135787,-83418
20230612,2023061222,15790295,2737162,15735992,2695468,-54303,-41694
20230612,2023061223,16049614,2779053,16041333,2762685,-8281,-16368
20230612,2023061224,16160099,2791636,16182479,2794281,22380,2645
20230613,2023061301,98601,11935,83116,7234,-15485,-4701
20230613,2023061302,145055,16663,134047,12787,-11008,-3876
20230613,2023061303,177116,20217,169635,17795,-7481,-2422
20230613,2023061304,192371,22755,185334,19938,-7037,-2817
20230613,2023061305,208166,25057,202553,22366,-5613,-2691
20230613,2023061306,220400,26877,213978,23976,-6422,-2901
20230613,2023061307,242624,30279,229615,24954,-13009,-5325
20230613,2023061308,313152,40137,285187,28069,-27965,-12068
20230613,2023061309,865994,93168,759351,40160,-106643,-53008
20230613,2023061310,1810362,204832,1643983,79184,-166379,-125648
20230613,2023061311,2941241,392279,2718742,206798,-222499,-185481
20230613,2023061312,3994982,593829,3803293,427703,-191689,-166126
20230613,2023061313,4641591,720537,4512825,600305,-128766,-120232
20230613,2023061314,5438162,844624,5259540,705474,-178622,-139150
20230613,2023061315,6555743,1023421,6304408,832063,-251335,-191358
20230613,2023061316,7952059,1260822,7617782,1022311,-334277,-238511
20230613,2023061317,9601378,1568769,9170476,1254659,-430902,-314110
20230613,2023061318,11403778,1940529,10907064,1554616,-496714,-385913
20230613,2023061319,13137620,2309630,12716674,2000418,-420946,-309212
20230613,2023061320,14487859,2582223,14200591,2403299,-287268,-178924
20230613,2023061321,15333662,2742220,15194266,2660600,-139396,-81620
20230613,2023061322,15809855,2835006,15813204,2815248,3349,-19758
20230613,2023061323,16069206,2879797,16059092,2869720,-10114,-10077
20230613,2023061324,16174288,2892781,16197164,2901040,22876,8259
20230614,2023061401,91048,10676,77706,6823,-13342,-3853
20230614,2023061402,146481,18213,134402,13409,-12079,-4804
20230614,2023061403,175514,22352,169566,18939,-5948,-3413
20230614,2023061404,193248,24920,186301,21825,-6947,-3095
20230614,2023061405,204937,26325,201432,23963,-3505,-2362
20230614,2023061406,217512,27493,213678,25009,-3834,-2484
20230614,2023061407,240527,30746,231933,25768,-8594,-4978
20230614,2023061408,310882,42129,289112,29591,-21770,-12538
20230614,2023061409,838793,93661,735402,38817,-103391,-54844
20230614,2023061410,1745597,207701,1588397,74370,-157200,-133331
20230614,2023061411,2846851,393704,2633409,200918,-213442,-192786
20230614,2023061412,3884882,597628,3701521,427622,-183361,-170006
20230614,2023061413,4529747,727932,4395173,601520,-134574,-126412
20230614,2023061414,5334305,859680,5154685,713138,-179620,-146542
20230614,2023061415,6439864,1040638,6186493,842490,-253371,-198148
20230614,2023061416,7815250,1279941,7482500,1041146,-332750,-238795
20230614,2023061417,9437965,1594419,9017760,1276480,-420205,-317939
20230614,2023061418,11211013,1966328,10706787,1567064,-504226,-399264
20230614,2023061419,12915091,2336224,12498981,2019563,-416110,-316661
20230614,2023061420,14275376,2619462,14006541,2437044,-268835,-182418
20230614,2023061421,15121644,2784371,14985865,2695286,-135779,-89085
20230614,2023061422,15586932,2877345,15532143,2831560,-54789,-45785
20230614,2023061423,15829762,2926447,15824193,2910751,-5569,-15696
20230614,2023061424,15933906,2939661,15959785,2945128,25879,5467
20230615,2023061501,101410,13527,83600,7827,-17810,-5700
20230615,2023061502,152283,19809,136537,13368,-15746,-6441
20230615,2023061503,190738,23147,177512,18187,-13226,-4960
20230615,2023061504,212028,26047,201353,21067,-10675,-4980
20230615,2023061505,224496,27583,216046,23682,-8450,-3901
20230615,2023061506,235898,28734,226122,24862,-9776,-3872
20230615,2023061507,260917,33185,248726,27443,-12191,-5742
20230615,2023061508,335898,44887,305833,31311,-30065,-13576
20230615,2023061509,863366,100987,760691,41774,-102675,-59213
20230615,2023061510,1760856,219856,1602603,80018,-158253,-139838
20230615,2023061511,2864089,415146,2651191,215476,-212898,-199670
20230615,2023061512,3895606,625338,3717834,450958,-177772,-174380
20230615,2023061513,4541219,761703,4413060,630390,-128159,-131313
20230615,2023061514,5320805,891184,5143865,742031,-176940,-149153
20230615,2023061515,6424856,1084987,6177527,881010,-247329,-203977
20230615,2023061516,7773919,1334917,7451618,1086128,-322301,-248789
20230615,2023061517,9354992,1654619,8946448,1330080,-408544,-324539
20230615,2023061518,11087753,2035265,10614721,1639174,-473032,-396091
20230615,2023061519,12767578,2420374,12359455,2099369,-408123,-321005
20230615,2023061520,14077499,2707107,13814766,2515020,-262733,-192087
20230615,2023061521,14896389,2877409,14768890,2786481,-127499,-90928
20230615,2023061522,15394210,2974712,15334835,2927739,-59375,-46973
20230615,2023061523,15691993,3025748,15675748,3010149,-16245,-15599
20230615,2023061524,15837579,3040925,15861112,3049790,23533,8865
20230616,2023061601,162126,16134,142346,14411,-19780,-1723
20230616,2023061602,278308,24485,267314,29879,-10994,5394
20230616,2023061603,386545,32859,377623,43869,-8922,11010
20230616,2023061604,470240,41247,461805,56365,-8435,15118
20230616,2023061605,556598,46617,549334,67156,-7264,20539
20230616,2023061606,639929,52212,632005,77352,-7924,25140
20230616,2023061607,732326,61567,737058,89860,4732,28293
20230616,2023061608,911641,80748,884170,100019,-27471,19271
20230616,2023061609,1674989,151588,1564981,127377,-110008,-24211
20230616,2023061610,2899881,287988,2752261,195052,-147620,-92936
20230616,2023061611,4352314,510702,4183055,372140,-169259,-138562
20230616,2023061612,5729110,758759,5614146,644679,-114964,-114080
20230616,2023061613,6647045,922597,6560245,849120,-86800,-73477
20230616,2023061614,7803856,1084720,7673819,999691,-130037,-85029
20230616,2023061615,9316395,1308202,9150249,1175142,-166146,-133060
20230616,2023061616,11078618,1588966,10882206,1423173,-196412,-165793
20230616,2023061617,13078646,1933681,12862361,1715050,-216285,-218631
20230616,2023061618,15160073,2321017,14940521,2048764,-219552,-272253
20230616,2023061619,17257983,2739754,17051770,2533791,-206213,-205963
20230616,2023061620,19081210,3083178,18931434,2982875,-149776,-100303
20230616,2023061621,20345546,3311368,20260251,3292971,-85295,-18397
20230616,2023061622,21111055,3448291,21088280,3469694,-22775,21403
20230616,2023061623,21528036,3513105,21527210,3556522,-826,43417
20230616,2023061624,21719804,3533225,21747849,3593801,28045,60576
20230617,2023061701,134334,13846,121547,11874,-12787,-1972
20230617,2023061702,232025,20168,222381,18994,-9644,-1174
20230617,2023061703,294979,24331,289786,23839,-5193,-492
20230617,2023061704,336944,28113,336459,27773,-485,-340
20230617,2023061705,373509,33338,369150,29971,-4359,-3367
20230617,2023061706,404706,34958,403551,35503,-1155,545
20230617,2023061707,440589,40184,436835,38593,-3754,-1591
20230617,2023061708,536871,57431,521559,48277,-15312,-9154
20230617,2023061709,1112418,115309,1025021,67328,-87397,-47981
20230617,2023061710,2085662,218580,1966051,112781,-119611,-105799
20230617,2023061711,3272216,396714,3133726,254074,-138490,-142640
20230617,2023061712,4432705,591626,4332550,472440,-100155,-119186
20230617,2023061713,5186285,725068,5119816,627168,-66469,-97900
20230617,2023061714,6115348,854074,6008150,747368,-107198,-106706
20230617,2023061715,7301443,1017242,7427172,985614,125729,-31628
20230617,2023061716,8746536,1227787,8835155,1141514,88619,-86273
20230617,2023061717,10393232,1490350,10209884,1304857,-183348,-185493
20230617,2023061718,12137234,1787373,11946275,1573710,-190959,-213663
20230617,2023061719,13834992,2101710,13672475,1938779,-162517,-162931
20230617,2023061720,15182457,2345732,15078936,2261410,-103521,-84322
20230617,2023061721,16106158,2506781,16054689,2467398,-51469,-39383
20230617,2023061722,16635680,2603851,16623652,2593433,-12028,-10418
20230617,2023061723,16964320,2654665,16971132,2663236,6812,8571
20230617,2023061724,17111266,2671829,17137231,2693335,25965,21506
20230618,2023061801,115824,11786,105120,9603,-10704,-2183
20230618,2023061802,190674,18280,182504,17633,-8170,-647
20230618,2023061803,253165,23854,249408,22770,-3757,-1084
20230618,2023061804,289842,28018,288780,26870,-1062,-1148
20230618,2023061805,324628,31339,324197,31038,-431,-301
20230618,2023061806,352360,32683,349063,32181,-3297,-502
20230618,2023061807,386822,37281,383254,35528,-3568,-1753
20230618,2023061808,472554,49308,458861,40303,-13693,-9005
20230618,2023061809,985741,97892,907635,52534,-78106,-45358
20230618,2023061810,1897338,191422,1780035,93091,-117303,-98331
20230618,2023061811,3048402,351463,2909397,217948,-139005,-133515
20230618,2023061812,4186363,535049,4085571,421315,-100792,-113734
20230618,2023061813,4955255,670566,4881100,575436,-74155,-95130
20230618,2023061814,5936247,802427,5827409,692787,-108838,-109640
20230618,2023061815,7167395,970286,7029952,834039,-137443,-136247
20230618,2023061816,8676788,1184212,8512987,1030977,-163801,-153235
20230618,2023061817,10389569,1435638,10210897,1264316,-178672,-171322
20230618,2023061818,12161198,1723638,11983943,1534359,-177255,-189279
20230618,2023061819,13880157,2015299,13722299,1871212,-157858,-144087
20230618,2023061820,15303041,2240316,15194742,2167827,-108299,-72489
20230618,2023061821,16310397,2385853,16254436,2354995,-55961,-30858
20230618,2023061822,16938816,2479588,16916658,2475593,-22158,-3995
20230618,2023061823,17302173,2526010,17307057,2541174,4884,15164
20230618,2023061824,17466729,2541345,17490018,2566571,23289,25226
20230619,2023061901,140033,11117,125652,9530,-14381,-1587
20230619,2023061902,237637,19356,229207,18788,-8430,-568
20230619,2023061903,300731,26635,296010,26914,-4721,279
20230619,2023061904,343395,30720,341246,31327,-2149,607
20230619,2023061905,386049,34488,385537,35799,-512,1311
20230619,2023061906,422011,38849,422485,41091,474,2242
20230619,2023061907,463451,42006,458262,43562,-5189,1556
20230619,2023061908,558282,52532,543245,47099,-15037,-5433
20230619,2023061909,1118394,110109,1028850,60495,-89544,-49614
20230619,2023061910,2164480,239694,2032221,110170,-132259,-129524
20230619,2023061911,3481139,449859,3324360,267498,-156779,-182361
20230619,2023061912,4810072,692813,4689478,521782,-120594,-171031
20230619,2023061913,5714079,862411,5622526,735651,-91553,-126760
20230619,2023061914,6811216,1022047,6678934,889441,-132282,-132606
20230619,2023061915,8238559,1251893,8078184,1073504,-160375,-178389
20230619,2023061916,9980666,1539033,9780532,1322735,-200134,-216298
20230619,2023061917,11937152,1895434,11723395,1617393,-213757,-278041
20230619,2023061918,14028838,2315169,13798251,1973363,-230587,-341806
20230619,2023061919,16171730,2768586,15952709,2500336,-219021,-268250
20230619,2023061920,18045982,3137934,17884555,2987009,-161427,-150925
20230619,2023061921,19386551,3394948,19298261,3339914,-88290,-55034
20230619,2023061922,20183053,3541991,20152430,3536766,-30623,-5225
20230619,2023061923,20646455,3622402,20641936,3647550,-4519,25148
20230619,2023061924,20853435,3652184,20880532,3702425,27097,50241
20230620,2023062001,133391,14403,118299,11488,-15092,-2915
20230620,2023062002,218180,22576,210791,21935,-7389,-641
20230620,2023062003,272058,28718,265585,28318,-6473,-400
20230620,2023062004,304688,33014,302634,32361,-2054,-653
20230620,2023062005,336270,35710,334053,35259,-2217,-451
20230620,2023062006,358645,38364,357170,37308,-1475,-1056
20230620,2023062007,388183,42034,384614,39913,-3569,-2121
20230620,2023062008,480006,59240,461973,50235,-18033,-9005
20230620,2023062009,1058444,117987,968000,69283,-90444,-48704
20230620,2023062010,2061096,236343,1939188,117689,-121908,-118654
20230620,2023062011,3230432,428327,3094456,256201,-135976,-172126
20230620,2023062012,4389364,659200,4287185,492734,-102179,-166466
20230620,2023062013,5165841,823198,5095451,697902,-70390,-125296
20230620,2023062014,6070769,976852,5971005,842815,-99764,-134037
20230620,2023062015,7237176,1182363,7108095,999770,-129081,-182593
20230620,2023062016,8642244,1443640,8488835,1223377,-153409,-220263
20230620,2023062017,10285976,1776878,10105238,1497092,-180738,-279786
20230620,2023062018,12091345,2162982,11884119,1817317,-207226,-345665
20230620,2023062019,13970029,2587608,13764210,2307443,-205819,-280165
20230620,2023062020,15568179,2940514,15418966,2766666,-149213,-173848
20230620,2023062021,16664682,3196338,16593481,3115497,-71201,-80841
20230620,2023062022,17299975,3346537,17276129,3314330,-23846,-32207
20230620,2023062023,17660053,3427037,17664914,3423787,4861,-3250
20230620,2023062024,17832049,3460604,17859331,3482784,27282,22180
20230621,2023062101,114371,14259,103814,12528,-10557,-1731
20230621,2023062102,184353,21268,177449,21457,-6904,189
20230621,2023062103,224484,29186,222591,30870,-1893,1684
20230621,2023062104,250086,32628,247723,35342,-2363,2714
20230621,2023062105,269938,35356,268685,39915,-1253,4559
20230621,2023062106,285472,37590,283553,41662,-1919,4072
20230621,2023062107,308013,41089,303078,44775,-4935,3686
20230621,2023062108,375934,52835,363575,51769,-12359,-1066
20230621,2023062109,892483,105007,810841,64271,-81642,-40736
20230621,2023062110,1785475,211833,1673266,107506,-112209,-104327
20230621,2023062111,2865229,384920,2741038,235729,-124191,-149191
20230621,2023062112,3955006,589411,3850536,446975,-104470,-142436
20230621,2023062113,4715688,730004,4643238,622870,-72450,-107134
20230621,2023062114,5569226,862379,5456433,744819,-112793,-117560
20230621,2023062115,6674167,1040360,6529314,888172,-144853,-152188
20230621,2023062116,8046210,1272406,7874160,1087658,-172050,-184748
20230621,2023062117,9615891,1566681,9415647,1327115,-200244,-239566
20230621,2023062118,11375366,1909801,11159901,1611467,-215465,-298334
20230621,2023062119,13179315,2286768,12968969,2043261,-210346,-243507
20230621,2023062120,14701437,2602526,14559232,2468200,-142205,-134326
20230621,2023062121,15735205,2808028,15660836,2749506,-74369,-58522
20230621,2023062122,16317734,2931887,16297167,2915258,-20567,-16629
20230621,2023062123,16645036,3005290,16647182,3009938,2146,4648
20230621,2023062124,16794114,3027950,16820303,3051606,26189,23656
20230622,2023062201,91495,10927,83225,8158,-8270,-2769
20230622,2023062202,147678,16775,141040,14613,-6638,-2162
20230622,2023062203,181553,20557,178936,18574,-2617,-1983
20230622,2023062204,197292,22888,196037,20485,-1255,-2403
20230622,2023062205,207669,24669,207311,22513,-358,-2156
20230622,2023062206,217275,26341,216890,24184,-385,-2157
20230622,2023062207,240907,29565,236369,25611,-4538,-3954
20230622,2023062208,304224,40592,291717,31139,-12507,-9453
20230622,2023062209,747904,84738,679235,45883,-68669,-38855
20230622,2023062210,1507906,156771,1413718,74244,-94188,-82527
20230622,2023062211,2372152,272327,2274776,161694,-97376,-110633
20230622,2023062212,3189824,399279,3120723,305212,-69101,-94067
20230622,2023062213,3701151,488140,3660468,409218,-40683,-78922
20230622,2023062214,4274065,569952,4213202,484443,-60863,-85509
20230622,2023062215,5022806,680237,4941776,580299,-81030,-99938
20230622,2023062216,5927589,805956,5826606,695615,-100983,-110341
20230622,2023062217,6990037,974053,6878712,852080,-111325,-121973
20230622,2023062218,8124578,1155884,8017496,1030865,-107082,-125019
20230622,2023062219,9113067,1323709,9035485,1235949,-77582,-87760
20230622,2023062220,9783258,1444396,9748191,1405935,-35067,-38461
20230622,2023062221,10182811,1516716,10178134,1500255,-4677,-16461
20230622,2023062222,10384510,1554326,10393416,1550054,8906,-4272
20230622,2023062223,10484901,1568970,10503621,1572050,18720,3080
20230622,2023062224,10529229,1573065,10548736,1577812,19507,4747
20230623,2023062301,44120,4961,40319,4577,-3801,-384
20230623,2023062302,67228,7541,65470,7230,-1758,-311
20230623,2023062303,88737,9239,86971,8708,-1766,-531
20230623,2023062304,98021,10400,97197,9913,-824,-487
20230623,2023062305,101735,11111,101309,10650,-426,-461
20230623,2023062306,104883,11520,104800,11137,-83,-383
20230623,2023062307,112221,12510,110726,11437,-1495,-1073
20230623,2023062308,154222,18092,143669,12502,-10553,-5590
20230623,2023062309,550680,51953,488171,18995,-62509,-32958
20230623,2023062310,1248709,120589,1161127,43565,-87582,-77024
20230623,2023062311,2065745,229317,1971521,122786,-94224,-106531
20230623,2023062312,2842285,346500,2778784,252859,-63501,-93641
20230623,2023062313,3327799,425574,3290257,350557,-37542,-75017
20230623,2023062314,3919489,498682,3854248,415874,-65241,-82808
20230623,2023062315,4727186,607259,4640622,505858,-86564,-101401
20230623,2023062316,5722536,738700,5615437,617392,-107099,-121308
20230623,2023062317,6906020,912401,6779538,773037,-126482,-139364
20230623,2023062318,8189439,1114239,8058061,960099,-131378,-154140
20230623,2023062319,9375778,1315427,9275599,1205004,-100179,-110423
20230623,2023062320,10234554,1468953,10181207,1413184,-53347,-55769
20230623,2023062321,10749248,1559001,10734593,1531296,-14655,-27705
20230623,2023062322,11052319,1619048,11051919,1606791,-400,-12257
20230623,2023062323,11220153,1646731,11232774,1647992,12621,1261
20230623,2023062324,11299935,1655209,11321469,1662480,21534,7271
20230624,2023062401,59274,6367,52841,5022,-6433,-1345
20230624,2023062402,94311,9948,91830,9060,-2481,-888
20230624,2023062403,114735,12982,112776,12104,-1959,-878
20230624,2023062404,128165,14813,127108,13871,-1057,-942
20230624,2023062405,135564,16665,134994,15995,-570,-670
20230624,2023062406,139843,17445,139365,16913,-478,-532
20230624,2023062407,149531,19250,147891,18172,-1640,-1078
20230624,2023062408,195510,24349,182919,19585,-12591,-4764
20230624,2023062409,650862,55082,581843,25059,-69019,-30023
20230624,2023062410,1402522,118380,1315602,47014,-86920,-71366
20230624,2023062411,2230989,225006,2139349,126189,-91640,-98817
20230624,2023062412,2994718,340778,2928609,252367,-66109,-88411
20230624,2023062413,3470522,417007,3430030,345329,-40492,-71678
20230624,2023062414,4060922,491400,3992389,411761,-68533,-79639
20230624,2023062415,4874321,596385,4786526,494221,-87795,-102164
20230624,2023062416,5894280,728551,5780263,607540,-114017,-121011
20230624,2023062417,7085405,904250,7134641,793848,49236,-110402
20230624,2023062418,8390704,1109765,8257214,943015,-133490,-166750
20230624,2023062419,9644252,1327706,9708684,1255285,64432,-72421
20230624,2023062420,10547911,1493278,10493388,1423988,-54523,-69290
20230624,2023062421,11111980,1599209,11095416,1562279,-16564,-36930
20230624,2023062422,11419900,1664922,11421897,1649219,1997,-15703
20230624,2023062423,11592508,1694350,11603490,1691558,10982,-2792
20230624,2023062424,11672438,1705096,11694360,1709624,21922,4528
20230625,2023062501,54322,6219,48899,5195,-5423,-1024
20230625,2023062502,89074,10284,85346,9306,-3728,-978
20230625,2023062503,108922,14086,107285,13068,-1637,-1018
20230625,2023062504,121713,16025,120795,15220,-918,-805
20230625,2023062505,129712,17661,129055,16783,-657,-878
20230625,2023062506,136911,20036,136312,19168,-599,-868
20230625,2023062507,148507,21382,146006,20220,-2501,-1162
20230625,2023062508,196040,27570,183754,22111,-12286,-5459
20230625,2023062509,676621,68390,603307,28666,-73314,-39724
20230625,2023062510,1496512,164054,1400270,58775,-96242,-105279
20230625,2023062511,2410719,311730,2307215,163607,-103504,-148123
20230625,2023062512,3271459,472823,3196330,341581,-75129,-131242
20230625,2023062513,3816240,572543,3764567,481603,-51673,-90940
20230625,2023062514,4478616,666948,4398422,567266,-80194,-99682
20230625,2023062515,5428527,813087,5320060,670156,-108467,-142931
20230625,2023062516,6583999,1000662,6454071,825752,-129928,-174910
20230625,2023062517,7989662,1252025,7828685,1014422,-160977,-237603
20230625,2023062518,9548775,1564421,9372799,1269814,-175976,-294607
20230625,2023062519,11140924,1897685,10986814,1678939,-154110,-218746
20230625,2023062520,12358019,2144525,12261466,2031116,-96553,-113409
20230625,2023062521,13092540,2296914,13062458,2247844,-30082,-49070
20230625,2023062522,13470057,2373605,13464137,2351910,-5920,-21695
20230625,2023062523,13672829,2412264,13682408,2408728,9579,-3536
20230625,2023062524,13764368,2423280,13784417,2428197,20049,4917
20230626,2023062601,70736,6947,63550,5104,-7186,-1843
20230626,2023062602,118400,10832,113206,9658,-5194,-1174
20230626,2023062603,146280,13337,144591,12462,-1689,-875
20230626,2023062604,165916,15429,165011,14391,-905,-1038
20230626,2023062605,176104,17689,175643,16536,-461,-1153
20230626,2023062606,184546,19463,183599,18171,-947,-1292
20230626,2023062607,197933,20616,195905,19226,-2028,-1390
20230626,2023062608,248271,27346,235489,22049,-12782,-5297
20230626,2023062609,743066,67644,659216,29974,-83850,-37670
20230626,2023062610,1544480,155886,1433040,58287,-111440,-97599
20230626,2023062611,2457076,305184,2341579,162986,-115497,-142198
20230626,2023062612,3343939,473028,3343493,361370,-446,-111658
20230626,2023062613,3909692,579318,3819191,482862,-90501,-96456
20230626,2023062614,4556340,671972,4422868,567052,-133472,-104920
20230626,2023062615,5500580,815758,5360889,669400,-139691,-146358
20230626,2023062616,6696963,1007067,6519978,822850,-176985,-184217
20230626,2023062617,8144384,1281056,7941571,1024213,-202813,-256843
20230626,2023062618,9762341,1610684,9536497,1291554,-225844,-319130
20230626,2023062619,11436173,1969421,11231541,1717291,-204632,-252130
20230626,2023062620,12746964,2239428,12611174,2103612,-135790,-135816
20230626,2023062621,13574382,2409923,13510906,2346139,-63476,-63784
20230626,2023062622,14012988,2506928,13994613,2475287,-18375,-31641
20230626,2023062623,14249259,2552771,14253902,2542097,4643,-10674
20230626,2023062624,14353470,2567840,14373883,2571424,20413,3584
20230627,2023062701,64961,7795,56920,5840,-8041,-1955
20230627,2023062702,107488,13201,101181,11582,-6307,-1619
20230627,2023062703,134496,18146,129235,16351,-5261,-1795
20230627,2023062704,146466,20284,142375,18694,-4091,-1590
20230627,2023062705,155059,22152,150532,20493,-4527,-1659
20230627,2023062706,161330,23121,157559,21686,-3771,-1435
20230627,2023062707,174370,25241,167903,22938,-6467,-2303
20230627,2023062708,230584,32293,211844,25593,-18740,-6700
20230627,2023062709,726876,76553,635055,35264,-91821,-41289
20230627,2023062710,1530585,173412,1415347,65968,-115238,-107444
20230627,2023062711,2454796,326714,2323200,173517,-131596,-153197
20230627,2023062712,3351669,503557,3250526,359898,-101143,-143659
20230627,2023062713,3916182,609210,3854919,512241,-61263,-96969
20230627,2023062714,4584301,703870,4484554,597760,-99747,-106110
20230627,2023062715,5517160,851353,5379132,701939,-138028,-149414
20230627,2023062716,6697769,1051314,6528353,863457,-169416,-187857
20230627,2023062717,8135457,1318588,7932465,1064458,-202992,-254130
20230627,2023062718,9746674,1644751,9516014,1329038,-230660,-315713
20230627,2023062719,11393974,1997191,11204516,1751133,-189458,-246058
20230627,2023062720,12702683,2270955,12694904,2165710,-7779,-105245
20230627,2023062721,13520313,2445945,13526131,2397762,5818,-48183
20230627,2023062722,13969914,2545403,13981750,2522466,11836,-22937
20230627,2023062723,14219443,2591484,14234731,2585403,15288,-6081
20230627,2023062724,14332128,2607558,14351207,2610968,19079,3410
20230628,2023062801,63064,7798,58802,6543,-4262,-1255
20230628,2023062802,97703,12568,92936,10787,-4767,-1781
20230628,2023062803,121645,17737,116440,15582,-5205,-2155
20230628,2023062804,135209,20113,129946,17879,-5263,-2234
20230628,2023062805,141704,21538,136494,19381,-5210,-2157
20230628,2023062806,147154,22037,141944,20012,-5210,-2025
20230628,2023062807,160980,23574,154866,20718,-6114,-2856
20230628,2023062808,220442,31913,208905,24974,-11537,-6939
20230628,2023062809,720896,75942,694180,34510,-26716,-41432
20230628,2023062810,1535783,168804,1503048,68176,-32735,-100628
20230628,2023062811,2443296,323711,2406678,186426,-36618,-137285
20230628,2023062812,3347340,495349,3318508,374493,-28832,-120856
20230628,2023062813,3908744,600621,3888748,513194,-19996,-87427
20230628,2023062814,4572589,697881,4546437,602522,-26152,-95359
20230628,2023062815,5487556,838686,5455103,704747,-32453,-133939
20230628,2023062816,6667922,1033481,6627274,867963,-40648,-165518
20230628,2023062817,8086590,1293749,8040048,1067265,-46542,-226484
20230628,2023062818,9678681,1610265,9624595,1337088,-54086,-273177
20230628,2023062819,11313065,1956032,11270975,1762151,-42090,-193881
20230628,2023062820,12580919,2215980,12557814,2115319,-23105,-100661
20230628,2023062821,13379597,2371173,13378475,2324493,-1122,-46680
20230628,2023062822,13812299,2469369,13819811,2446527,7512,-22842
20230628,2023062823,14042787,2515037,14054020,2507801,11233,-7236
20230628,2023062824,14147429,2530920,14161601,2533461,14172,2541
20230629,2023062901,70480,9427,65713,7662,-4767,-1765
20230629,2023062902,108421,13424,104131,11687,-4290,-1737
20230629,2023062903,132571,16120,129110,14377,-3461,-1743
20230629,2023062904,144762,17922,141395,16067,-3367,-1855
20230629,2023062905,151566,18825,148472,17193,-3094,-1632
20230629,2023062906,156704,19144,153717,17504,-2987,-1640
20230629,2023062907,170665,20602,167026,18180,-3639,-2422
20230629,2023062908,221196,27479,213420,21155,-7776,-6324
20230629,2023062909,703847,70376,680775,31217,-23072,-39159
20230629,2023062910,1516896,162686,1489778,65274,-27118,-97412
20230629,2023062911,2421646,309557,2391793,177280,-29853,-132277
20230629,2023062912,3306873,472355,3281854,354837,-25019,-117518
20230629,2023062913,3863829,572100,3848750,489576,-15079,-82524
20230629,2023062914,4516476,659213,4493712,569182,-22764,-90031
20230629,2023062915,5428639,791892,5399506,665181,-29133,-126711
20230629,2023062916,6594083,972790,6558846,816995,-35237,-155795
20230629,2023062917,7972454,1218145,7928897,1002151,-43557,-215994
20230629,2023062918,9533537,1521334,9484279,1265758,-49258,-255576
20230629,2023062919,11121930,1847735,11081781,1664639,-40149,-183096
20230629,2023062920,12351271,2090470,12331209,1996378,-20062,-94092
20230629,2023062921,13114503,2238990,13113632,2195230,-871,-43760
20230629,2023062922,13544337,2327975,13550402,2305444,6065,-22531
20230629,2023062923,13774249,2373002,13785237,2365320,10988,-7682
20230629,2023062924,13876216,2386812,13891498,2389118,15282,2306
20230630,2023063001,60988,7096,57025,5619,-3963,-1477
20230630,2023063002,97369,11798,93523,10171,-3846,-1627
20230630,2023063003,117986,14320,114195,12526,-3791,-1794
20230630,2023063004,129176,16032,125247,14301,-3929,-1731
20230630,2023063005,135562,17317,131374,15652,-4188,-1665
20230630,2023063006,142599,18639,137355,17074,-5244,-1565
20230630,2023063007,154944,20027,148735,17859,-6209,-2168
20230630,2023063008,206522,27354,196394,21760,-10128,-5594
20230630,2023063009,678864,67362,656434,30285,-22430,-37077
20230630,2023063010,1476733,154514,1451689,64253,-25044,-90261
20230630,2023063011,2374557,290438,2344667,169078,-29890,-121360
20230630,2023063012,3254908,440823,3232040,335132,-22868,-105691
20230630,2023063013,3802927,530430,3790639,453793,-12288,-76637
20230630,2023063014,4451435,610710,4431046,526258,-20389,-84452
20230630,2023063015,5369497,739302,5343033,622716,-26464,-116586
20230630,2023063016,6523147,908568,6488035,764926,-35112,-143642
20230630,2023063017,7890906,1136719,7849418,939011,-41488,-197708
20230630,2023063018,9452608,1413266,9410497,1181015,-42111,-232251
20230630,2023063019,10995511,1710639,10961606,1543395,-33905,-167244
20230630,2023063020,12229443,1944007,12211663,1859436,-17780,-84571
20230630,2023063021,12992614,2086410,12990090,2049448,-2524,-36962
20230630,2023063022,13404898,2169693,13409582,2152164,4684,-17529
20230630,2023063023,13625050,2206460,13635650,2201664,10600,-4796
20230630,2023063024,13732804,2219730,13748680,2223135,15876,3405
20230701,2023070101,58195,7197,53819,5735,-4376,-1462
20230701,2023070102,87962,10680,83972,8766,-3990,-1914
20230701,2023070103,106437,13014,103465,11362,-2972,-1652
20230701,2023070104,119097,15120,116085,13443,-3012,-1677
20230701,2023070105,125846,16306,122918,14682,-2928,-1624
20230701,2023070106,130274,16670,127401,14881,-2873,-1789
20230701,2023070107,142879,18831,138903,16538,-3976,-2293
20230701,2023070108,189953,25377,182350,19496,-7603,-5881
20230701,2023070109,646557,61282,625603,27894,-20954,-33388
20230701,2023070110,1402296,131475,1375576,56551,-26720,-74924
20230701,2023070111,2248512,235385,2217298,138410,-31214,-96975
20230701,2023070112,3064245,356798,3042268,272178,-21977,-84620
20230701,2023070113,3581553,434158,3565547,366272,-16006,-67886
20230701,2023070114,4190780,501826,4166976,428679,-23804,-73147
20230701,2023070115,5013201,593437,4987172,501923,-26029,-91514
20230701,2023070116,6043711,715395,6012483,607150,-31228,-108245
20230701,2023070117,7243537,875004,7206882,740668,-36655,-134336
20230701,2023070118,8584326,1070864,8548074,917475,-36252,-153389
20230701,2023070119,9877943,1283489,9854947,1177419,-22996,-106070
20230701,2023070120,10845353,1440486,10837960,1386429,-7393,-54057
20230701,2023070121,11452574,1542083,11457068,1513545,4494,-28538
20230701,2023070122,11796718,1604858,11807961,1594117,11243,-10741
20230701,2023070123,11988531,1634895,11999928,1633291,11397,-1604
20230701,2023070124,12081279,1646826,12095544,1650559,14265,3733
20230702,2023070201,58804,7392,54737,5981,-4067,-1411
20230702,2023070202,90738,11468,86677,10060,-4061,-1408
20230702,2023070203,109128,13247,105171,11780,-3957,-1467
20230702,2023070204,125168,15023,121034,13632,-4134,-1391
20230702,2023070205,130492,16702,126446,15435,-4046,-1267
20230702,2023070206,135904,17276,131992,15878,-3912,-1398
20230702,2023070207,147766,19001,143006,16908,-4760,-2093
20230702,2023070208,191876,25046,182962,20101,-8914,-4945
20230702,2023070209,630230,56017,610484,26487,-19746,-29530
20230702,2023070210,1340522,118038,1317262,54580,-23260,-63458
20230702,2023070211,2132672,209660,2106590,126483,-26082,-83177
20230702,2023070212,2881418,308779,2863044,238747,-18374,-70032
20230702,2023070213,3335695,375088,3324508,316596,-11187,-58492
20230702,2023070214,3920000,435343,3901193,370162,-18807,-65181
20230702,2023070215,4728883,520899,4703523,439858,-25360,-81041
20230702,2023070216,5704331,628940,5679827,534741,-24504,-94199
20230702,2023070217,6848023,769189,6820914,654391,-27109,-114798
20230702,2023070218,8083346,941312,8054877,817928,-28469,-123384
20230702,2023070219,9240756,1112877,9227478,1030919,-13278,-81958
20230702,2023070220,10077506,1233987,10074676,1191610,-2830,-42377
20230702,2023070221,10591076,1311594,10598598,1290006,7522,-21588
20230702,2023070222,10867173,1354451,10877609,1347811,10436,-6640
20230702,2023070223,11024743,1373804,11035891,1373646,11148,-158
20230702,2023070224,11095357,1382477,11109692,1385209,14335,2732
20230703,2023070301,64851,7079,61085,5998,-3766,-1081
20230703,2023070302,96607,10532,93556,9424,-3051,-1108
20230703,2023070303,116371,13346,113273,12166,-3098,-1180
20230703,2023070304,129085,15433,125964,14147,-3121,-1286
20230703,2023070305,135157,17079,131939,15948,-3218,-1131
20230703,2023070306,139811,17684,136764,16543,-3047,-1141
20230703,2023070307,150774,19199,147185,17596,-3589,-1603
20230703,2023070308,198696,26397,194897,22038,-3799,-4359
20230703,2023070309,679113,65969,677459,30185,-1654,-35784
20230703,2023070310,1464598,152571,1463986,62293,-612,-90278
20230703,2023070311,2359703,289742,2358386,165908,-1317,-123834
20230703,2023070312,3231609,441737,3194640,325033,-36969,-116704
20230703,2023070313,3767672,529660,3721951,444480,-45721,-85180
20230703,2023070314,4403585,606755,4336471,513653,-67114,-93102
20230703,2023070315,5320179,730629,5303753,607248,-16426,-123381
20230703,2023070316,6492702,912482,6376378,747231,-116324,-165251
20230703,2023070317,7877528,1144716,7738420,914412,-139108,-230304
20230703,2023070318,9440625,1443405,9291230,1159493,-149395,-283912
20230703,2023070319,11036395,1766625,10903136,1555082,-133259,-211543
20230703,2023070320,12260474,2005206,12181630,1893145,-78844,-112061
20230703,2023070321,13015616,2153472,12974612,2102840,-41004,-50632
20230703,2023070322,13437666,2237114,13423826,2212262,-13840,-24852
20230703,2023070323,13674828,2276776,13673314,2268959,-1514,-7817
20230703,2023070324,13784112,2292881,13795568,2294313,11456,1432
20230704,2023070401,65531,8262,59110,6621,-6421,-1641
20230704,2023070402,101070,12067,97461,10982,-3609,-1085
20230704,2023070403,119460,14958,118120,13753,-1340,-1205
20230704,2023070404,134339,16981,131825,15703,-2514,-1278
20230704,2023070405,140945,18032,138894,16803,-2051,-1229
20230704,2023070406,145898,18406,144321,17263,-1577,-1143
20230704,2023070407,160232,20764,158601,19048,-1631,-1716
20230704,2023070408,208932,25893,207014,21257,-1918,-4636
20230704,2023070409,723246,63536,654285,28930,-68961,-34606
20230704,2023070410,1557751,143981,1488175,58604,-69576,-85377
20230704,2023070411,2478103,273790,2389610,148721,-88493,-125069
20230704,2023070412,3360509,425632,3293965,306116,-66544,-119516
20230704,2023070413,3903784,513654,3856302,432861,-47482,-80793
20230704,2023070414,4539764,591298,4476600,500713,-63164,-90585
20230704,2023070415,5433639,721263,5336321,591270,-97318,-129993
20230704,2023070416,6591307,895777,6475998,733814,-115309,-161963
20230704,2023070417,7967367,1133861,7829037,906611,-138330,-227250
20230704,2023070418,9507414,1434129,9356513,1151439,-150901,-282690
20230704,2023070419,11096612,1755173,10958268,1543799,-138344,-211374
20230704,2023070420,12343207,2000655,12258561,1884449,-84646,-116206
20230704,2023070421,13122858,2154693,13083228,2101390,-39630,-53303
20230704,2023070422,13555228,2247625,13543745,2221265,-11483,-26360
20230704,2023070423,13781238,2295994,13786538,2287551,5300,-8443
20230704,2023070424,13880406,2311788,13893863,2312475,13457,687
20230705,2023070501,61050,6300,55548,4916,-5502,-1384
20230705,2023070502,97431,9372,92430,8199,-5001,-1173
20230705,2023070503,117782,11948,112965,10586,-4817,-1362
20230705,2023070504,132258,16896,127908,15162,-4350,-1734
20230705,2023070505,137839,17857,133991,16511,-3848,-1346
20230705,2023070506,145770,18520,141800,17241,-3970,-1279
20230705,2023070507,158317,19862,154773,18162,-3544,-1700
20230705,2023070508,211363,27570,197344,21953,-14019,-5617
20230705,2023070509,721063,68520,659945,30426,-61118,-38094
20230705,2023070510,1533874,153534,1459091,57491,-74783,-96043
20230705,2023070511,2448398,294303,2365765,159579,-82633,-134724
20230705,2023070512,3347789,451545,3283831,328652,-63958,-122893
20230705,2023070513,3908165,545446,3856340,460791,-51825,-84655
20230705,2023070514,4543017,625053,4477629,532074,-65388,-92979
20230705,2023070515,5451491,760147,5360048,626849,-91443,-133298
20230705,2023070516,6628064,952915,6510083,789459,-117981,-163456
20230705,2023070517,8023395,1200363,7883616,970897,-139779,-229466
20230705,2023070518,9590315,1496967,9439436,1214389,-150879,-282578
20230705,2023070519,11190088,1819257,11053755,1604989,-136333,-214268
20230705,2023070520,12456981,2065140,12371825,1950208,-85156,-114932
20230705,2023070521,13242560,2213420,13202592,2159281,-39968,-54139
20230705,2023070522,13684394,2309753,13668916,2283313,-15478,-26440
20230705,2023070523,13914110,2355857,13913976,2345726,-134,-10131
20230705,2023070524,14016798,2371282,14028640,2372311,11842,1029
20230706,2023070601,65426,9526,58241,6741,-7185,-2785
20230706,2023070602,103491,13165,97784,10725,-5707,-2440
20230706,2023070603,126872,15772,121276,12946,-5596,-2826
20230706,2023070604,141296,18970,135468,15579,-5828,-3391
20230706,2023070605,152493,20625,146986,17801,-5507,-2824
20230706,2023070606,161694,21523,156404,18749,-5290,-2774
20230706,2023070607,176124,22924,168538,19441,-7586,-3483
20230706,2023070608,234276,30879,217153,22984,-17123,-7895
20230706,2023070609,741685,73817,679928,33564,-61757,-40253
20230706,2023070610,1547950,160274,1468900,62172,-79050,-98102
20230706,2023070611,2457572,298810,2369804,161227,-87768,-137583
20230706,2023070612,3344911,454567,3278902,327968,-66009,-126599
20230706,2023070613,3894467,545474,3845299,459078,-49168,-86396
20230706,2023070614,4547073,624891,4480818,530909,-66255,-93982
20230706,2023070615,5435086,756022,5345089,623864,-89997,-132158
20230706,2023070616,6579249,927261,6467682,765620,-111567,-161641
20230706,2023070617,7952197,1155914,7817359,928454,-134838,-227460
20230706,2023070618,9501407,1451292,9351128,1173734,-150279,-277558
20230706,2023070619,11050748,1769195,10926209,1563274,-124539,-205921
20230706,2023070620,12258770,1998198,12175012,1887110,-83758,-111088
20230706,2023070621,13011708,2143324,12972912,2089743,-38796,-53581
20230706,2023070622,13440513,2232415,13426805,2203795,-13708,-28620
20230706,2023070623,13665596,2273376,13665748,2262262,152,-11114
20230706,2023070624,13763049,2289262,13771896,2288120,8847,-1142
20230707,2023070701,74416,10331,67898,8994,-6518,-1337
20230707,2023070702,108901,13995,104222,12914,-4679,-1081
20230707,2023070703,133930,17950,129920,16510,-4010,-1440
20230707,2023070704,149615,20788,145313,18632,-4302,-2156
20230707,2023070705,158130,21428,154284,20355,-3846,-1073
20230707,2023070706,164230,21908,161173,20863,-3057,-1045
20230707,2023070707,180265,24351,177852,22997,-2413,-1354
20230707,2023070708,235095,31453,222413,25946,-12682,-5507
20230707,2023070709,722098,71185,659960,35115,-62138,-36070
20230707,2023070710,1516695,151187,1433852,60734,-82843,-90453
20230707,2023070711,2410947,282774,2323046,156711,-87901,-126063
20230707,2023070712,3286544,422646,3217835,308537,-68709,-114109
20230707,2023070713,3837166,507771,3790855,428722,-46311,-79049
20230707,2023070714,4469658,589186,4402200,500751,-67458,-88435
20230707,2023070715,5374683,710183,5281093,589687,-93590,-120496
20230707,2023070716,6522916,870617,6410854,719339,-112062,-151278
20230707,2023070717,7883997,1086465,7746624,874140,-137373,-212325
20230707,2023070718,9437558,1370295,9286255,1108767,-151303,-261528
20230707,2023070719,11005873,1679755,10874656,1482470,-131217,-197285
20230707,2023070720,12223479,1909296,12139909,1801388,-83570,-107908
20230707,2023070721,12960139,2048834,12926880,2002124,-33259,-46710
20230707,2023070722,13394776,2135909,13377086,2111624,-17690,-24285
20230707,2023070723,13614934,2177511,13613137,2171142,-1797,-6369
20230707,2023070724,13709047,2193705,13717616,2196054,8569,2349
20230708,2023070801,59262,7605,51700,4758,-7562,-2847
20230708,2023070802,100654,11017,94391,8527,-6263,-2490
20230708,2023070803,123017,13920,117223,11136,-5794,-2784
20230708,2023070804,136889,15535,131411,12827,-5478,-2708
20230708,2023070805,145782,16738,140395,14140,-5387,-2598
20230708,2023070806,152161,17156,147242,14616,-4919,-2540
20230708,2023070807,165276,19677,157734,15551,-7542,-4126
20230708,2023070808,220476,26502,204794,18887,-15682,-7615
20230708,2023070809,671225,59321,614356,26178,-56869,-33143
20230708,2023070810,1412772,123383,1342601,50021,-70171,-73362
20230708,2023070811,2234671,221900,2158626,123316,-76045,-98584
20230708,2023070812,3030840,329281,2974160,242586,-56680,-86695
20230708,2023070813,3531345,397139,3489120,330016,-42225,-67123
20230708,2023070814,4122159,461518,4062929,389338,-59230,-72180
20230708,2023070815,4939081,563601,4861906,471920,-77175,-91681
20230708,2023070816,5951046,686134,5859238,575254,-91808,-110880
20230708,2023070817,7144246,842636,7035804,703137,-108442,-139499
20230708,2023070818,8474619,1038968,8356649,873993,-117970,-164975
20230708,2023070819,9761996,1254656,9660792,1125198,-101204,-129458
20230708,2023070820,10726708,1407786,10671410,1340585,-55298,-67201
20230708,2023070821,11330249,1513270,11306176,1475978,-24073,-37292
20230708,2023070822,11675676,1586450,11670241,1567520,-5435,-18930
20230708,2023070823,11862084,1618093,11862195,1611396,111,-6697
20230708,2023070824,11944437,1630148,11953667,1630324,9230,176
20230709,2023070901,63758,6479,57713,4967,-6045,-1512
20230709,2023070902,98860,10490,95090,9371,-3770,-1119
20230709,2023070903,113193,11653,109438,10676,-3755,-977
20230709,2023070904,127714,14030,124389,12891,-3325,-1139
20230709,2023070905,135317,14933,132207,13907,-3110,-1026
20230709,2023070906,140473,15286,137501,14235,-2972,-1051
20230709,2023070907,155639,17955,149692,15615,-5947,-2340
20230709,2023070908,205685,23613,193087,18001,-12598,-5612
20230709,2023070909,641464,56924,589871,26518,-51593,-30406
20230709,2023070910,1351455,125054,1290099,61857,-61356,-63197
20230709,2023070911,2121157,210589,2055758,127443,-65399,-83146
20230709,2023070912,2873153,303937,2821275,230413,-51878,-73524
20230709,2023070913,3328376,362541,3291773,305830,-36603,-56711
20230709,2023070914,3898217,418859,3845331,356013,-52886,-62846
20230709,2023070915,4654575,496715,4586352,417721,-68223,-78994
20230709,2023070916,5611689,599450,5531385,505987,-80304,-93463
20230709,2023070917,6724226,732560,6623288,616948,-100938,-115612
20230709,2023070918,7935379,892696,7826574,760794,-108805,-131902
20230709,2023070919,9090333,1057762,9001376,959411,-88957,-98351
20230709,2023070920,9926237,1176031,9877620,1124106,-48617,-51925
20230709,2023070921,10441154,1257503,10420548,1230524,-20606,-26979
20230709,2023070922,10753735,1306242,10751621,1296462,-2114,-9780
20230709,2023070923,10902151,1325366,10906532,1323013,4381,-2353
20230709,2023070924,10966535,1334416,10976496,1335551,9961,1135
20230710,2023071001,57676,6268,51023,4731,-6653,-1537
20230710,2023071002,93617,9494,90004,8262,-3613,-1232
20230710,2023071003,109188,11530,106092,10201,-3096,-1329
20230710,2023071004,119990,13371,117019,11867,-2971,-1504
20230710,2023071005,130274,15788,127545,14479,-2729,-1309
20230710,2023071006,137418,17061,134250,15234,-3168,-1827
20230710,2023071007,147963,18739,145524,16200,-2439,-2539
20230710,2023071008,199271,24432,184817,18370,-14454,-6062
20230710,2023071009,696475,65435,638412,26510,-58063,-38925
20230710,2023071010,1497629,152991,1429036,54054,-68593,-98937
20230710,2023071011,2388790,288223,2313767,151271,-75023,-136952
20230710,2023071012,3263212,435427,3199983,311218,-63229,-124209
20230710,2023071013,3794911,524240,3749735,440405,-45176,-83835
20230710,2023071014,4417263,600182,4353233,508491,-64030,-91691
20230710,2023071015,5343576,732114,5244837,603467,-98739,-128647
20230710,2023071016,6511441,905760,6394938,745293,-116503,-160467
20230710,2023071017,7935839,1137394,7786998,908999,-148841,-228395
20230710,2023071018,9553267,1437151,9395095,1154540,-158172,-282611
20230710,2023071019,11178981,1758887,11039569,1544748,-139412,-214139
20230710,2023071020,12447961,1994980,12360313,1879564,-87648,-115416
20230710,2023071021,13244929,2139622,13210313,2087712,-34616,-51910
20230710,2023071022,13668577,2221887,13660112,2196834,-8465,-25053
20230710,2023071023,13898537,2259624,13898980,2250230,443,-9394
20230710,2023071024,13993737,2274244,14007431,2274701,13694,457
20230711,2023071101,70068,6842,60557,4992,-9511,-1850
20230711,2023071102,118041,11199,110600,9279,-7441,-1920
20230711,2023071103,146396,13337,141599,12163,-4797,-1174
20230711,2023071104,162101,15521,156564,13882,-5537,-1639
20230711,2023071105,174685,16825,170234,15745,-4451,-1080
20230711,2023071106,185038,18746,180519,17440,-4519,-1306
20230711,2023071107,199157,20946,195674,18989,-3483,-1957
20230711,2023071108,251084,27381,234771,21111,-16313,-6270
20230711,2023071109,764134,66316,692912,31401,-71222,-34915
20230711,2023071110,1587495,142280,1496547,56001,-90948,-86279
20230711,2023071111,2518378,275910,2418223,150133,-100155,-125777
20230711,2023071112,3417527,428086,3343771,311420,-73756,-116666
20230711,2023071113,3958596,516010,3909870,437366,-48726,-78644
20230711,2023071114,4590664,598390,4521015,509490,-69649,-88900
20230711,2023071115,5498037,726013,5400112,601870,-97925,-124143
20230711,2023071116,6660247,895670,6534732,740124,-125515,-155546
20230711,2023071117,8044932,1126548,7896278,907228,-148654,-219320
20230711,2023071118,9634788,1421333,9465530,1142848,-169258,-278485
20230711,2023071119,11247996,1742444,11098729,1531530,-149267,-210914
20230711,2023071120,12497341,1975968,12403183,1863930,-94158,-112038
20230711,2023071121,13281288,2128784,13233356,2075755,-47932,-53029
20230711,2023071122,13705123,2217695,13687591,2191745,-17532,-25950
20230711,2023071123,13925915,2257972,13924353,2248372,-1562,-9600
20230711,2023071124,14025466,2272235,14034852,2273668,9386,1433
20230712,2023071201,76015,6953,68317,5401,-7698,-1552
20230712,2023071202,120385,12542,115450,10929,-4935,-1613
20230712,2023071203,146287,14771,142272,13570,-4015,-1201
20230712,2023071204,161418,16900,158435,15764,-2983,-1136
20230712,2023071205,172539,18312,169943,17234,-2596,-1078
20230712,2023071206,181767,18908,178493,17824,-3274,-1084
20230712,2023071207,200439,23147,193531,19720,-6908,-3427
20230712,2023071208,253333,29941,238252,22790,-15081,-7151
20230712,2023071209,745934,67562,676579,30098,-69355,-37464
20230712,2023071210,1549583,147481,1463665,56030,-85918,-91451
20230712,2023071211,2445372,278161,2353866,147724,-91506,-130437
20230712,2023071212,3315638,426782,3247831,305103,-67807,-121679
20230712,2023071213,3856815,513619,3811766,431281,-45049,-82338
20230712,2023071214,4488195,586960,4423977,499145,-64218,-87815
20230712,2023071215,5374545,709032,5279410,583924,-95135,-125108
20230712,2023071216,6502886,874701,6387281,716454,-115605,-158247
20230712,2023071217,7850611,1103356,7713339,879292,-137272,-224064
20230712,2023071218,9404072,1400404,9250307,1120903,-153765,-279501
20230712,2023071219,10954929,1710288,10822038,1501382,-132891,-208906
20230712,2023071220,12141780,1941862,12060477,1828827,-81303,-113035
20230712,2023071221,12869631,2082770,12836554,2028010,-33077,-54760
20230712,2023071222,13283776,2171104,13269867,2142990,-13909,-28114
20230712,2023071223,13518518,2219431,13519033,2208268,515,-11163
20230712,2023071224,13612675,2237385,13624721,2237240,12046,-145
20230713,2023071301,72236,8211,66134,6118,-6102,-2093
20230713,2023071302,106175,11483,101475,9637,-4700,-1846
20230713,2023071303,125470,13495,121521,11595,-3949,-1900
20230713,2023071304,140561,16443,136119,14274,-4442,-2169
20230713,2023071305,149595,17316,146192,15421,-3403,-1895
20230713,2023071306,154760,17709,151218,15808,-3542,-1901
20230713,2023071307,166069,19400,159159,16563,-6910,-2837
20230713,2023071308,221109,26937,201185,19780,-19924,-7157
20230713,2023071309,701107,67204,614174,30890,-86933,-36314
20230713,2023071310,1509759,149645,1397937,56476,-111822,-93169
20230713,2023071311,2414282,285095,2292277,150892,-122005,-134203
20230713,2023071312,3326320,436939,3232481,309727,-93839,-127212
20230713,2023071313,3900240,532025,3835996,446926,-64244,-85099
20230713,2023071314,4572175,613940,4477655,524074,-94520,-89866
20230713,2023071315,5503677,741206,5377117,610957,-126560,-130249
20230713,2023071316,6696284,915998,6544873,754421,-151411,-161577
20230713,2023071317,8110779,1150540,7918423,920282,-192356,-230258
20230713,2023071318,9714289,1451898,9502346,1167641,-211943,-284257
20230713,2023071319,11340221,1768010,11160981,1554898,-179240,-213112
20230713,2023071320,12609463,2002031,12487256,1885288,-122207,-116743
20230713,2023071321,13401322,2145312,13338652,2089210,-62670,-56102
20230713,2023071322,13847263,2229574,13821426,2199893,-25837,-29681
20230713,2023071323,14083328,2276078,14079819,2265320,-3509,-10758
20230713,2023071324,14179902,2291159,14189290,2290680,9388,-479
20230714,2023071401,82277,8558,70526,6443,-11751,-2115
20230714,2023071402,132677,14172,124439,11580,-8238,-2592
20230714,2023071403,155062,16215,148056,13810,-7006,-2405
20230714,2023071404,167999,18078,162527,15793,-5472,-2285
20230714,2023071405,176253,19476,171174,17378,-5079,-2098
20230714,2023071406,185909,19897,181143,17743,-4766,-2154
20230714,2023071407,203327,22038,199175,19102,-4152,-2936
20230714,2023071408,255248,28566,234927,21123,-20321,-7443
20230714,2023071409,745899,69691,652822,33555,-93077,-36136
20230714,2023071410,1543377,148114,1426268,59272,-117109,-88842
20230714,2023071411,2447602,277304,2322637,150868,-124965,-126436
20230714,2023071412,3337876,420152,3239487,299783,-98389,-120369
20230714,2023071413,3895518,504178,3832804,424436,-62714,-79742
20230714,2023071414,4529151,583211,4434551,496557,-94600,-86654
20230714,2023071415,5431862,701186,5297676,578823,-134186,-122363
20230714,2023071416,6590237,861950,6425863,708602,-164374,-153348
20230714,2023071417,7985352,1081361,7785173,863291,-200179,-218070
20230714,2023071418,9569471,1366688,9357932,1093113,-211539,-273575
20230714,2023071419,11158918,1677506,10970006,1461306,-188912,-216200
20230714,2023071420,12412407,1912520,12284354,1791410,-128053,-121110
20230714,2023071421,13192394,2064517,13135988,2007108,-56406,-57409
20230714,2023071422,13630373,2157595,13605407,2128860,-24966,-28735
20230714,2023071423,13856494,2200261,13850289,2188208,-6205,-12053
20230714,2023071424,13953330,2215068,13962250,2214359,8920,-709
20230715,2023071501,75531,8185,64989,5976,-10542,-2209
20230715,2023071502,122588,12355,113619,11065,-8969,-1290
20230715,2023071503,141320,15193,136301,13656,-5019,-1537
20230715,2023071504,151901,16541,147309,15205,-4592,-1336
20230715,2023071505,159371,17653,155415,16339,-3956,-1314
20230715,2023071506,164901,18031,161020,16842,-3881,-1189
20230715,2023071507,178999,19770,171969,17596,-7030,-2174
20230715,2023071508,229703,26395,211707,20697,-17996,-5698
20230715,2023071509,694055,61240,606878,30204,-87177,-31036
20230715,2023071510,1447939,124916,1337671,53949,-110268,-70967
20230715,2023071511,2305473,227780,2188659,127344,-116814,-100436
20230715,2023071512,3125160,341267,3034728,249117,-90432,-92150
20230715,2023071513,3630514,413280,3574838,345114,-55676,-68166
20230715,2023071514,4236119,476877,4148004,405333,-88115,-71544
20230715,2023071515,5032030,565142,4914776,471231,-117254,-93911
20230715,2023071516,6057703,688838,5919494,576949,-138209,-111889
20230715,2023071517,7274505,843688,7108209,701419,-166296,-142269
20230715,2023071518,8640641,1036984,8463831,866404,-176810,-170580
20230715,2023071519,9978871,1257580,9829295,1121791,-149576,-135789
20230715,2023071520,10968628,1416936,10876989,1342650,-91639,-74286
20230715,2023071521,11583605,1522151,11537679,1479892,-45926,-42259
20230715,2023071522,11926134,1586850,11913222,1570342,-12912,-16508
20230715,2023071523,12121761,1621979,12120860,1618272,-901,-3707
20230715,2023071524,12205480,1634719,12217091,1638185,11611,3466
20230716,2023071601,64399,8598,57161,7089,-7238,-1509
20230716,2023071602,106456,12099,99791,10904,-6665,-1195
20230716,2023071603,123899,14681,120253,13416,-3646,-1265
20230716,2023071604,133727,16049,130767,14650,-2960,-1399
20230716,2023071605,141235,17013,137517,15922,-3718,-1091
20230716,2023071606,145714,17258,142608,16198,-3106,-1060
20230716,2023071607,157636,18787,151928,16925,-5708,-1862
20230716,2023071608,202365,24927,187622,19934,-14743,-4993
20230716,2023071609,628683,54540,549130,26917,-79553,-27623
20230716,2023071610,1328043,110341,1227509,48341,-100534,-62000
20230716,2023071611,2109092,197361,2002672,111564,-106420,-85797
20230716,2023071612,2851219,289154,2773942,209976,-77277,-79178
20230716,2023071613,3320626,349992,3265636,290819,-54990,-59173
20230716,2023071614,3879720,408614,3800617,343477,-79103,-65137
20230716,2023071615,4648438,487850,4539842,409035,-108596,-78815
20230716,2023071616,5612281,589785,5481410,495384,-130871,-94401
20230716,2023071617,6760774,723467,6613477,604069,-147297,-119398
20230716,2023071618,7991637,883006,7839333,747691,-152304,-135315
20230716,2023071619,9147526,1050315,9025347,950151,-122179,-100164
20230716,2023071620,9991919,1162863,9918479,1108185,-73440,-54678
20230716,2023071621,10500556,1245703,10466846,1215714,-33710,-29989
20230716,2023071622,10783338,1292573,10775406,1282832,-7932,-9741
20230716,2023071623,10926040,1310728,10929089,1308812,3049,-1916
20230716,2023071624,10988058,1318017,10999511,1319556,11453,1539
20230717,2023071701,58222,5939,50905,4546,-7317,-1393
20230717,2023071702,99183,9686,94180,8511,-5003,-1175
20230717,2023071703,118963,11997,115989,11018,-2974,-979
20230717,2023071704,128898,13681,125388,12528,-3510,-1153
20230717,2023071705,137472,14567,134378,13447,-3094,-1120
20230717,2023071706,143569,15564,140925,14625,-2644,-939
20230717,2023071707,155168,16771,153668,15133,-1500,-1638
20230717,2023071708,199357,21845,183455,16765,-15902,-5080
20230717,2023071709,695704,62930,604717,25406,-90987,-37524
20230717,2023071710,1497623,146602,1383817,49214,-113806,-97388
20230717,2023071711,2395047,281228,2270736,141811,-124311,-139417
20230717,2023071712,3280200,424557,3180339,295655,-99861,-128902
20230717,2023071713,3811331,511165,3750907,427231,-60424,-83934
20230717,2023071714,4435950,585113,4345975,495521,-89975,-89592
20230717,2023071715,5333926,711326,5205196,582175,-128730,-129151
20230717,2023071716,6500311,881106,6335816,718572,-164495,-162534
20230717,2023071717,7897116,1103188,7697678,873033,-199438,-230155
20230717,2023071718,9472996,1396393,9259326,1106819,-213670,-289574
20230717,2023071719,11062282,1718769,10876221,1496909,-186061,-221860
20230717,2023071720,12295721,1950787,12169141,1829767,-126580,-121020
20230717,2023071721,13062125,2105502,13001442,2046729,-60683,-58773
20230717,2023071722,13459404,2182064,13438335,2157068,-21069,-24996
20230717,2023071723,13663520,2217212,13663324,2208795,-196,-8417
20230717,2023071724,13758474,2232163,13768582,2232393,10108,230
20230718,2023071801,65127,6390,55115,4538,-10012,-1852
20230718,2023071802,109012,9941,101018,8310,-7994,-1631
20230718,2023071803,132758,11234,127813,9932,-4945,-1302
20230718,2023071804,145789,13673,141349,11763,-4440,-1910
20230718,2023071805,152559,14986,148628,13615,-3931,-1371
20230718,2023071806,157106,15680,153302,14448,-3804,-1232
20230718,2023071807,167765,16902,160950,14802,-6815,-2100
20230718,2023071808,221289,22988,201959,17034,-19330,-5954
20230718,2023071809,739815,59884,646261,27447,-93554,-32437
20230718,2023071810,1548236,135115,1435114,51871,-113122,-83244
20230718,2023071811,2458270,264388,2331143,141755,-127127,-122633
20230718,2023071812,3339539,406955,3248652,289930,-90887,-117025
20230718,2023071813,3881786,489783,3822600,413661,-59186,-76122
20230718,2023071814,4515250,563339,4427473,481080,-87777,-82259
20230718,2023071815,5419550,680456,5290664,556826,-128886,-123630
20230718,2023071816,6599413,848787,6441059,691540,-158354,-157247
20230718,2023071817,7996705,1079571,7813842,853412,-182863,-226159
20230718,2023071818,9594367,1375172,9383499,1089273,-210868,-285899
20230718,2023071819,11200672,1694464,10934233,1468214,-266439,-226250
20230718,2023071820,12450775,1934492,12104921,1795597,-345854,-138895
20230718,2023071821,13198551,2078407,13142106,2022727,-56445,-55680
20230718,2023071822,13617752,2163351,13598151,2137142,-19601,-26209
20230718,2023071823,13832652,2199157,13831410,2189265,-1242,-9892
20230718,2023071824,13922046,2213612,13932968,2214061,10922,449
20230719,2023071901,77708,7791,64577,6198,-13131,-1593
20230719,2023071902,127346,11880,116476,10377,-10870,-1503
20230719,2023071903,156387,14595,149239,13226,-7148,-1369
20230719,2023071904,166444,15769,158892,14388,-7552,-1381
20230719,2023071905,173049,16684,165940,15546,-7109,-1138
20230719,2023071906,180951,18277,173949,16949,-7002,-1328
20230719,2023071907,196109,20128,190780,18332,-5329,-1796
20230719,2023071908,249834,28285,228612,23309,-21222,-4976
20230719,2023071909,737066,66919,647418,31930,-89648,-34989
20230719,2023071910,1520433,146110,1408985,54762,-111448,-91348
20230719,2023071911,2416881,281578,2293983,150175,-122898,-131403
20230719,2023071912,3209990,308668,3211114,308136,1124,-532
20230719,2023071913,3798197,439408,3800315,439310,2118,-98
20230719,2023071914,4402396,508389,4405457,508573,3061,184
20230719,2023071915,5382101,716326,5256735,590829,-125366,-125497
20230719,2023071916,6546769,886811,6389398,727172,-157371,-159639
20230719,2023071917,7932385,1119699,7748212,888863,-184173,-230836
20230719,2023071918,9497924,1412411,9294067,1125009,-203857,-287402
20230719,2023071919,11083769,1732516,10902163,1512929,-181606,-219587
20230719,2023071920,12304826,1968817,12189430,1848915,-115396,-119902
20230719,2023071921,13035260,2109073,12983594,2057060,-51666,-52013
20230719,2023071922,13425446,2190916,13405656,2162689,-19790,-28227
20230719,2023071923,13636480,2233792,13635148,2224302,-1332,-9490
20230719,2023071924,13730424,2248104,13740543,2248488,10119,384
20230720,2023072001,67567,6216,54235,4867,-13332,-1349
20230720,2023072002,124202,10589,114493,9061,-9709,-1528
20230720,2023072003,163191,13155,155873,11861,-7318,-1294
20230720,2023072004,178038,15148,174606,14265,-3432,-883
20230720,2023072005,186106,16492,182525,15549,-3581,-943
20230720,2023072006,194632,16879,191281,16056,-3351,-823
20230720,2023072007,209746,18698,203004,16881,-6742,-1817
20230720,2023072008,261530,25305,243337,19331,-18193,-5974
20230720,2023072009,733464,66065,645290,29964,-88174,-36101
20230720,2023072010,1499793,146102,1387121,52878,-112672,-93224
20230720,2023072011,2377352,284461,2255580,149989,-121772,-134472
20230720,2023072012,3248986,432067,3152562,305186,-96424,-126881
20230720,2023072013,3792718,521804,3730773,439388,-61945,-82416
20230720,2023072014,4421332,597503,4334568,508904,-86764,-88599
20230720,2023072015,5312675,721297,5182467,594030,-130208,-127267
20230720,2023072016,6465638,890070,6095545,711536,-370093,-178534
20230720,2023072017,7830987,1116071,7660643,889611,-170344,-226460
20230720,2023072018,9398713,1409850,9206067,1127741,-192646,-282109
20230720,2023072019,10964476,1728621,10802456,1515204,-162020,-213417
20230720,2023072020,12173218,1958508,12075004,1847832,-98214,-110676
20230720,2023072021,12910585,2096348,12943203,2073608,32618,-22740
20230720,2023072022,13315597,2179604,13293142,2151864,-22455,-27740
20230720,2023072023,13528800,2216589,13525209,2207063,-3591,-9526
20230720,2023072024,13620090,2229731,13630351,2230661,10261,930
20230721,2023072101,73686,6901,62763,5325,-10923,-1576
20230721,2023072102,125963,10907,118166,9293,-7797,-1614
20230721,2023072103,160461,13140,153605,11801,-6856,-1339
20230721,2023072104,185865,14283,181249,12545,-4616,-1738
20230721,2023072105,195007,15331,191289,13957,-3718,-1374
20230721,2023072106,200202,16785,196925,15451,-3277,-1334
20230721,2023072107,213868,18609,211759,16645,-2109,-1964
20230721,2023072108,260197,24690,244652,19101,-15545,-5589
20230721,2023072109,733357,62768,637502,27830,-95855,-34938
20230721,2023072110,1503712,139292,1381526,51134,-122186,-88158
20230721,2023072111,2390252,267768,2305358,147569,-84894,-120199
20230721,2023072112,3273666,404450,3206443,295218,-67223,-109232
20230721,2023072113,3805835,489679,3757335,414807,-48500,-74872
20230721,2023072114,4440523,565059,4373997,482795,-66526,-82264
20230721,2023072115,5348944,685334,5259558,568270,-89386,-117064
20230721,2023072116,6497351,845429,6387482,700529,-109869,-144900
20230721,2023072117,7889241,1065179,7764297,859156,-124944,-206023
20230721,2023072118,9483560,1348540,9347285,1094869,-136275,-253671
20230721,2023072119,11079473,1657650,10958811,1470521,-120662,-187129
20230721,2023072120,12281222,1879127,12206378,1782134,-74844,-96993
20230721,2023072121,13012174,2018058,12976624,1979102,-35550,-38956
20230721,2023072122,13421033,2089706,13403312,2081835,-17721,-7871
20230721,2023072123,13629785,2133779,13635184,2136548,5399,2769
20230721,2023072124,13730534,2155973,13735903,2158735,5369,2762
20230722,2023072201,81655,6173,79530,5913,-2125,-260
20230722,2023072202,127190,9986,124576,9661,-2614,-325
20230722,2023072203,164423,12115,161631,11746,-2792,-369
20230722,2023072204,185686,12819,182820,12424,-2866,-395
20230722,2023072205,192712,13814,189822,13418,-2890,-396
20230722,2023072206,197009,14598,194109,14202,-2900,-396
20230722,2023072207,207875,15330,205026,14933,-2849,-397
20230722,2023072208,250142,19538,246197,19116,-3945,-422
20230722,2023072209,649376,27918,646414,27446,-2962,-472
20230722,2023072210,1353602,50991,1351776,50506,-1826,-485
20230722,2023072211,2171064,122075,2170642,121634,-422,-441
20230722,2023072212,2992133,237634,2992925,237254,792,-380
20230722,2023072213,3507483,326194,3509081,326250,1598,56
20230722,2023072214,4091608,384193,4094044,384336,2436,143
20230722,2023072215,4906934,456978,4910827,457115,3893,137
20230722,2023072216,5920332,554008,5926187,554346,5855,338
20230722,2023072217,7108146,675535,7116476,675963,8330,428
20230722,2023072218,8484771,849939,8495506,850349,10735,410
20230722,2023072219,9830419,1098946,9843625,1099877,13206,931
20230722,2023072220,10834611,1310157,10849239,1311081,14628,924
20230722,2023072221,11437101,1432749,11452276,1433708,15175,959
20230722,2023072222,11798755,1517298,11813998,1518535,15243,1237
20230722,2023072223,11988015,1560920,12003198,1562265,15183,1345
20230722,2023072224,12073990,1578804,12089031,1580115,15041,1311
20230723,2023072301,72381,6683,70483,6161,-1898,-522
20230723,2023072302,122961,10596,120797,10042,-2164,-554
20230723,2023072303,157915,13009,155705,12436,-2210,-573
20230723,2023072304,177853,14761,175592,14145,-2261,-616
20230723,2023072305,184496,15819,182225,15203,-2271,-616
20230723,2023072306,189011,16150,186734,15533,-2277,-617
20230723,2023072307,200740,16935,198509,16311,-2231,-624
20230723,2023072308,244239,19452,241446,18799,-2793,-653
20230723,2023072309,642559,28992,640765,28167,-1794,-825
20230723,2023072310,1311472,52131,1310806,51300,-666,-831
20230723,2023072311,2077769,115223,2077394,114420,-375,-803
20230723,2023072312,2835179,211230,2835853,210692,674,-538
20230723,2023072313,3307749,284326,3309068,284256,1319,-70
20230723,2023072314,3863962,333494,3866302,333648,2340,154
20230723,2023072315,4621169,395926,4624848,396300,3679,374
20230723,2023072316,5568322,480850,5573744,481398,5422,548
20230723,2023072317,6681798,589887,6689162,590623,7364,736
20230723,2023072318,7926723,730660,7936457,731573,9734,913
20230723,2023072319,9119135,925265,9130851,926894,11716,1629
20230723,2023072320,9992498,1085670,10005010,1087262,12512,1592
20230723,2023072321,10522215,1195538,10534931,1197304,12716,1766
20230723,2023072322,10822515,1256359,10835244,1258135,12729,1776
20230723,2023072323,10975861,1283361,10988543,1285142,12682,1781
20230723,2023072324,11047210,1293856,11059825,1295643,12615,1787
20230724,2023072401,73694,6484,72370,5991,-1324,-493
20230724,2023072402,120484,10046,118760,9346,-1724,-700
20230724,2023072403,141625,12488,139784,11740,-1841,-748
20230724,2023072404,151500,14223,149545,13449,-1955,-774
20230724,2023072405,158848,15436,156922,14652,-1926,-784
20230724,2023072406,162969,15980,161045,15196,-1924,-784
20230724,2023072407,171516,16644,169591,15856,-1925,-788
20230724,2023072408,210693,19251,208730,18431,-1963,-820
20230724,2023072409,662093,26869,660409,25997,-1684,-872
20230724,2023072410,1444029,55708,1443650,54827,-379,-881
20230724,2023072411,2346203,153805,2347005,153056,802,-749
20230724,2023072412,3235416,310392,3237424,309861,2008,-531
20230724,2023072413,3781378,436571,3784331,436540,2953,-31
20230724,2023072414,4408824,502886,4412791,502975,3967,89
20230724,2023072415,5319850,586374,5325356,586683,5506,309
20230724,2023072416,6484609,721614,6491954,721977,7345,363
20230724,2023072417,7876486,888634,7886239,889133,9753,499
20230724,2023072418,9472416,1132192,9485011,1132806,12595,614
20230724,2023072419,11117482,1534853,11132625,1536071,15143,1218
20230724,2023072420,12419838,1876866,12436845,1878086,17007,1220
20230724,2023072421,13227466,2086583,13245126,2087849,17660,1266
20230724,2023072422,13664949,2189580,13682475,2191091,17526,1511
20230724,2023072423,13894457,2241026,13911882,2242538,17425,1512
20230724,2023072424,13994291,2263011,14011684,2264552,17393,1541
20230725,2023072501,70595,5526,68699,4957,-1896,-569
20230725,2023072502,118726,10257,116521,9632,-2205,-625
20230725,2023072503,139397,12868,137090,12189,-2307,-679
20230725,2023072504,150438,14228,148061,13525,-2377,-703
20230725,2023072505,156337,15577,153959,14874,-2378,-703
20230725,2023072506,161502,16479,159102,15775,-2400,-704
20230725,2023072507,172369,17593,169990,16887,-2379,-706
20230725,2023072508,213256,20044,210898,19299,-2358,-745
20230725,2023072509,664444,29805,664017,29052,-427,-753
20230725,2023072510,1432410,56595,1433495,55841,1085,-754
20230725,2023072511,2302052,146826,2304642,146287,2590,-539
20230725,2023072512,3169450,299888,3173402,299488,3952,-400
20230725,2023072513,3721983,425298,3726865,425552,4882,254
20230725,2023072514,4326806,495738,4332031,496073,5225,335
20230725,2023072515,5205690,581930,5212293,582332,6603,402
20230725,2023072516,6326873,719682,6335469,720233,8596,551
20230725,2023072517,7676275,884678,7687240,885432,10965,754
20230725,2023072518,9262351,1138687,9275979,1139528,13628,841
20230725,2023072519,10888436,1535431,10904901,1536854,16465,1423
20230725,2023072520,12168042,1872104,12186478,1873468,18436,1364
20230725,2023072521,12980131,2081486,12999333,2082816,19202,1330
20230725,2023072522,13409302,2182643,13428605,2184090,19303,1447
20230725,2023072523,13648302,2237120,13667564,2238564,19262,1444
20230725,2023072524,13754443,2261982,13773660,2263444,19217,1462
20230726,2023072601,66883,8630,64749,8262,-2134,-368
20230726,2023072602,119497,12821,117000,12265,-2497,-556
20230726,2023072603,141193,15543,138556,14909,-2637,-634
20230726,2023072604,153751,17875,151018,17167,-2733,-708
20230726,2023072605,166808,19410,164045,18691,-2763,-719
20230726,2023072606,177608,21508,174828,20774,-2780,-734
20230726,2023072607,193338,22387,192742,21811,-596,-576
20230726,2023072608,243822,25566,240888,24742,-2934,-824
20230726,2023072609,661233,33606,659683,32780,-1550,-826
20230726,2023072610,1383087,61391,1381924,60685,-1163,-706
20230726,2023072611,2228196,159698,2228038,159220,-158,-478
20230726,2023072612,3098802,320924,3099570,320496,768,-428
20230726,2023072613,3651732,451428,3653630,451411,1898,-17
20230726,2023072614,4262845,521528,4265649,521596,2804,68
20230726,2023072615,5119504,608761,5123158,608854,3654,93
20230726,2023072616,6249950,752272,6255365,752439,5415,167
20230726,2023072617,7600039,916311,7607842,916484,7803,173
20230726,2023072618,9158071,1170520,9168700,1170861,10629,341
20230726,2023072619,10780278,1577186,10793166,1577677,12888,491
20230726,2023072620,12051015,1916364,12065888,1916804,14873,440
20230726,2023072621,12682420,2082239,12697929,2082667,15509,428
20230726,2023072622,13280408,2229766,13295996,2230295,15588,529
20230726,2023072623,13526502,2287472,13542045,2288086,15543,614
20230726,2023072624,13627684,2311752,13643211,2312376,15527,624
20230727,2023072701,73416,6230,71450,5526,-1966,-704
20230727,2023072702,123713,11532,121133,10733,-2580,-799
20230727,2023072703,143224,14045,140326,13195,-2898,-850
20230727,2023072704,154240,15155,151321,14299,-2919,-856
20230727,2023072705,161784,16968,158854,16109,-2930,-859
20230727,2023072706,169825,18545,166880,17686,-2945,-859
20230727,2023072707,181922,19825,178983,18964,-2939,-861
20230727,2023072708,228132,23466,224830,22518,-3302,-948
20230727,2023072709,641433,33859,639701,32844,-1732,-1015
20230727,2023072710,1342529,62202,1340953,61209,-1576,-993
20230727,2023072711,2174042,164156,2173464,163514,-578,-642
20230727,2023072712,3045032,326300,3045637,326095,605,-205
20230727,2023072713,3588022,452089,3589583,452133,1561,44
20230727,2023072714,4200595,523356,4203080,523438,2485,82
20230727,2023072715,5071556,613417,5075431,613513,3875,96
20230727,2023072716,6202511,757468,6208196,757584,5685,116
20230727,2023072717,7539712,926256,7547710,926466,7998,210
20230727,2023072718,9086854,1171912,9086854,1171912,0,0
20230727,2023072719,10645219,1565543,10645219,1565543,0,0
20230727,2023072720,11777351,1886538,11777351,1886538,0,0
20230727,2023072721,12581563,2093232,12581563,2093232,0,0
20230727,2023072722,12993962,2197124,12993962,2197124,0,0
20230727,2023072723,13216998,2252503,13216998,2252503,0,0
20230727,2023072724,13315223,2278227,13315223,2278227,0,0
20230728,2023072801,62345,5727,62345,5727,0,0
20230728,2023072802,110597,10528,110597,10528,0,0
20230728,2023072803,138286,13968,138286,13968,0,0
20230728,2023072804,149341,15741,149341,15741,0,0
20230728,2023072805,156431,17547,156431,17547,0,0
20230728,2023072806,164190,19060,164190,19060,0,0
20230728,2023072807,177780,20224,177780,20224,0,0
20230728,2023072808,222334,22619,222334,22619,0,0
20230728,2023072809,607661,30503,607661,30503,0,0
20230728,2023072810,1276564,55659,1276564,55659,0,0
20230728,2023072811,2080083,145507,2080083,145507,0,0
20230728,2023072812,2903738,291056,2903738,291056,0,0
20230728,2023072813,3409333,398530,3409333,398530,0,0
20230728,2023072814,3989474,461912,3989474,461912,0,0
20230728,2023072815,4842713,545196,4842713,545196,0,0
20230728,2023072816,5934173,675920,5934173,675920,0,0
20230728,2023072817,7233205,824192,7233205,824192,0,0
20230728,2023072818,8745777,1055763,8745777,1055763,0,0
20230728,2023072819,10294863,1418641,10294863,1418641,0,0
20230728,2023072820,11494984,1722815,11494984,1722815,0,0
20230728,2023072821,12226150,1899583,12226150,1899583,0,0
20230728,2023072822,12630996,1989629,12630996,1989629,0,0
20230728,2023072823,12861422,2042349,12861422,2042349,0,0
20230728,2023072824,12960404,2064487,12960404,2064487,0,0
20230729,2023072901,74095,7213,74095,7213,0,0
20230729,2023072902,127792,14897,127792,14897,0,0
20230729,2023072903,146864,17657,146864,17657,0,0
20230729,2023072904,155868,19100,155868,19100,0,0
20230729,2023072905,163541,20452,163541,20452,0,0
20230729,2023072906,172290,21530,172290,21530,0,0
20230729,2023072907,184523,22664,184523,22664,0,0
20230729,2023072908,225997,25217,225997,25217,0,0
20230729,2023072909,574865,32662,574865,32662,0,0
20230729,2023072910,1205102,55880,1205102,55880,0,0
20230729,2023072911,1963730,126494,1963730,126494,0,0
20230729,2023072912,2767833,239904,2767833,239904,0,0
20230729,2023072913,3285351,323758,3285351,323758,0,0
20230729,2023072914,3894906,380541,3894906,380541,0,0
20230729,2023072915,4711052,449124,4711052,449124,0,0
20230729,2023072916,5739107,546631,5739107,546631,0,0
20230729,2023072917,6936853,671268,6936853,671268,0,0
20230729,2023072918,8303713,850791,8303713,850791,0,0
20230729,2023072919,9624695,1098625,9624695,1098625,0,0
20230729,2023072920,10623936,1302045,10623936,1302045,0,0
20230729,2023072921,11240689,1425424,11240689,1425424,0,0
20230729,2023072922,11608010,1501634,11608010,1501634,0,0
20230729,2023072923,11826332,1547738,11826332,1547738,0,0
20230729,2023072924,11918342,1567724,11918342,1567724,0,0
20230730,2023073001,70026,7656,70026,7656,0,0
20230730,2023073002,113311,14098,113311,14098,0,0
20230730,2023073003,149172,26137,149172,26137,0,0
20230730,2023073004,159685,28659,159685,28659,0,0
20230730,2023073005,165388,29592,165388,29592,0,0
20230730,2023073006,170279,30523,170279,30523,0,0
20230730,2023073007,180535,31667,180535,31667,0,0
20230730,2023073008,216774,33842,216774,33842,0,0
20230730,2023073009,558385,42678,558385,42678,0,0
20230730,2023073010,1155303,68077,1155303,68077,0,0
20230730,2023073011,1864169,127863,1864169,127863,0,0
20230730,2023073012,2590238,223242,2590238,223242,0,0
20230730,2023073013,3057169,297943,3057169,297943,0,0
20230730,2023073014,3610538,348546,3610538,348546,0,0
20230730,2023073015,4377508,408109,4377508,408109,0,0
20230730,2023073016,5316811,494977,5316811,494977,0,0
20230730,2023073017,6403655,599814,6403655,599814,0,0
20230730,2023073018,7621613,740991,7621613,740991,0,0
20230730,2023073019,8774055,933603,8774055,933603,0,0
20230730,2023073020,9624005,1089876,9624005,1089876,0,0
20230730,2023073021,10147646,1182614,10147646,1182614,0,0
20230730,2023073022,10449243,1247337,10449243,1247337,0,0
20230730,2023073023,10605995,1273251,10605995,1273251,0,0
20230730,2023073024,10681899,1286160,10681899,1286160,0,0
20230731,2023073101,76217,7725,76217,7725,0,0
20230731,2023073102,123736,16615,123736,16615,0,0
20230731,2023073103,141608,19643,141608,19643,0,0
20230731,2023073104,154833,21500,154833,21500,0,0
20230731,2023073105,162681,22867,162681,22867,0,0
20230731,2023073106,167680,23599,167680,23599,0,0
20230731,2023073107,178376,24095,178376,24095,0,0
20230731,2023073108,218411,26048,218411,26048,0,0
20230731,2023073109,601054,32930,601054,32930,0,0
20230731,2023073110,1272889,60742,1272889,60742,0,0
20230731,2023073111,2091884,154887,2091884,154887,0,0
20230731,2023073112,2940903,306724,2940903,306724,0,0
20230731,2023073113,3473481,427805,3473481,427805,0,0
20230731,2023073114,4061292,495745,4061292,495745,0,0
20230731,2023073115,4914705,576432,4914705,576432,0,0
20230731,2023073116,6031534,712296,6031534,712296,0,0
20230731,2023073117,7361795,864437,7361795,864437,0,0
20230731,2023073118,8877863,1097342,8877863,1097342,0,0
20230731,2023073119,10421101,1464680,10421101,1464680,0,0
20230731,2023073120,11645058,1781896,11645058,1781896,0,0
20230731,2023073121,12438749,1969673,12438749,1969673,0,0
20230731,2023073122,12880073,2064440,12880073,2064440,0,0
20230731,2023073123,13133504,2115908,13133504,2115908,0,0
20230731,2023073124,13251729,2140897,13251729,2140897,0,0
20230801,2023080101,71248,7428,71248,7428,0,0
20230801,2023080102,115924,12816,115924,12816,0,0
20230801,2023080103,138757,15932,138757,15932,0,0
20230801,2023080104,150902,18202,150902,18202,0,0
20230801,2023080105,157368,19420,157368,19420,0,0
20230801,2023080106,163429,20000,163429,20000,0,0
20230801,2023080107,177962,20594,177962,20594,0,0
20230801,2023080108,226437,25142,226437,25142,0,0
20230801,2023080109,623843,32843,623843,32843,0,0
20230801,2023080110,1318239,56114,1318239,56114,0,0
20230801,2023080111,2140630,144910,2140630,144910,0,0
20230801,2023080112,3000741,295064,3000741,295064,0,0
20230801,2023080113,3536049,412842,3536049,412842,0,0
20230801,2023080114,4140786,480884,4140786,480884,0,0
20230801,2023080115,5004682,568484,5004682,568484,0,0
20230801,2023080116,6114935,707192,6114935,707192,0,0
20230801,2023080117,7424092,858495,7424092,858495,0,0
20230801,2023080118,8946755,1091983,8946755,1091983,0,0
20230801,2023080119,10494534,1470666,10494534,1470666,0,0
20230801,2023080120,11711163,1782733,11711163,1782733,0,0
20230801,2023080121,12479919,1966477,12479919,1966477,0,0
20230801,2023080122,12918224,2063629,12918224,2063629,0,0
20230801,2023080123,13148167,2114682,13148167,2114682,0,0
20230801,2023080124,13250680,2137524,13250680,2137524,0,0
20230802,2023080201,59604,6085,59604,6085,0,0
20230802,2023080202,105934,9885,105934,9885,0,0
20230802,2023080203,137862,12092,137862,12092,0,0
20230802,2023080204,151006,15127,151006,15127,0,0
20230802,2023080205,158045,16188,158045,16188,0,0
20230802,2023080206,163582,16806,163582,16806,0,0
20230802,2023080207,179278,17960,179278,17960,0,0
20230802,2023080208,220642,20464,220642,20464,0,0
20230802,2023080209,620900,29463,620900,29463,0,0
20230802,2023080210,1316935,54417,1316935,54417,0,0
20230802,2023080211,2135964,149403,2135964,149403,0,0
20230802,2023080212,2969234,304722,2969234,304722,0,0
20230802,2023080213,3508343,428034,3508343,428034,0,0
